Package,VersionGA,VersionPreview,DisplayName,ServiceName,RepoPath,MSDocs,GHDocs,Type,New,PlannedVersions,FirstGADate,Support,Hide,Replace,Notes
Azure.AI.AnomalyDetector,,3.0.0-preview.2,Anomaly Detector,Anomaly Detector,anomalydetector,,,client,TRUE,,,,,Microsoft.Azure.CognitiveServices.AnomalyDetector,
Azure.Data.AppConfiguration,1.0.2,1.1.0-beta.2,App Configuration,App Configuration,appconfiguration,,,client,TRUE,"1.0,09/01/2021",1/7/2020,active,,,
Azure.Extensions.AspNetCore.Configuration.Secrets,1.0.2,,ASP.NET Extension - Configuration Secrets,Extensions,extensions,,,client,TRUE,,6/5/2020,active,,,
Azure.Extensions.AspNetCore.DataProtection.Blobs,1.2.0,,ASP.NET Extension - DataProtection Blobs,Extensions,extensions,,,client,TRUE,,6/5/2020,active,,,
Azure.Extensions.AspNetCore.DataProtection.Keys,1.0.2,,ASP.NET Extension - DataProtection Keys,Extensions,extensions,,,client,TRUE,,6/5/2020,active,,,
Azure.Security.Attestation,,1.0.0-beta.2,Attestation,Attestation,attestation,,,client,TRUE,,,,,,
Azure.MixedReality.Authentication,1.0.0,,Azure Mixed Reality Authentication,Mixed Reality,mixedreality,,,client,TRUE,,2/23/2021,active,,,
Azure.MixedReality.ObjectAnchors.Conversion,,0.1.0-beta.1,Azure Object Anchors Conversion,Mixed Reality,objectanchors,,,client,TRUE,,,,,,
Azure.MixedReality.RemoteRendering,1.0.0,,Azure Remote Rendering,Mixed Reality,remoterendering,,,client,TRUE,,3/2/2021,active,,,
Azure.Search.Documents,11.2.0,11.3.0-beta.1,Cognitive Search,Search,search,,,client,TRUE,,7/7/2020,active,,Microsoft.Azure.Search,
Azure.Communication.Chat,1.0.0,,Communication Chat,Communication,communication,,,client,TRUE,,3/29/2021,active,,,
Azure.Communication.Common,1.0.0,,Communication Common,Communication,communication,,,client,TRUE,,3/29/2021,active,,,
Azure.Communication.Identity,1.0.0,,Communication Identity,Communication,communication,,,client,TRUE,,3/29/2021,active,,,
Azure.Communication.PhoneNumbers,,1.0.0-beta.6,Communication Phone Numbers,Communication,communication,,,client,TRUE,,,,,,
Azure.Communication.Sms,1.0.0,,Communication SMS,Communication,communication,,,client,TRUE,,3/29/2021,active,,,
Azure.Core,1.12.0,,Core,Core,core,,,client,TRUE,,10/29/2019,active,,,
Azure.Core.Amqp,1.0.0,1.1.0-beta.1,Core - AMQP,Core,core,,,client,TRUE,,11/23/2020,active,,,
Azure.Cosmos,,4.0.0-preview3,Cosmos DB,Cosmos DB,https://github.com/Azure/azure-cosmos-dotnet-v3/tree/releases/4.0.0-preview3,https://docs.microsoft.com/dotnet/api/azure.cosmos,,client,TRUE,,,,,Microsoft.Azure.Cosmos,
Azure.DigitalTwins.Core,1.2.1,,Digital Twins - Core,IoT,digitaltwins,,,client,TRUE,,10/30/2020,active,,,
Azure.Messaging.EventGrid,4.1.0,,Event Grid,Event Grid,eventgrid,,,client,TRUE,,3/15/2021,active,,Microsoft.Azure.EventGrid,
Azure.Messaging.EventHubs,5.4.0,,Event Hubs,Event Hubs,eventhub,,,client,TRUE,,5/2/2020,active,,Microsoft.Azure.EventHubs,
Azure.Messaging.EventHubs.Processor,5.4.0,,Event Hubs - Event Processor,Event Hubs,eventhub,,,client,TRUE,,5/5/2020,active,,Microsoft.Azure.EventHubs.Processor,
Azure.Data.SchemaRegistry,,1.0.0-beta.2,Event Hubs - Schema Registry,Event Hubs,schemaregistry,,,client,TRUE,"1.0.0,04/13/2021",,,,,
Azure.AI.FormRecognizer,3.0.0,3.1.0-beta.4,Form Recognizer,Form Recognizer,formrecognizer,,,client,TRUE,"3.1.0,05/11/2021",8/20/2020,active,,Microsoft.Azure.CognitiveServices.FormRecognizer,
Azure.Identity,1.3.0,1.4.0-beta.5,Identity,Identity,identity,,,client,TRUE,,10/30/2019,active,,,
Azure.Iot.DeviceUpdate,,1.0.0-beta.2,IoT Device Update,IoT Device Update,https://github.com/Azure/azure-sdk-for-net/tree/Azure.IoT.DeviceUpdate_item.Version/sdk/deviceupdate/Azure.Iot.DeviceUpdate/,,NA,client,TRUE,,,,,,
Azure.Security.KeyVault.Administration,,4.0.0-beta.4,Key Vault - Administration,Key Vault,keyvault,,,client,TRUE,"4.0.0,04/15/2021",,,,,
Azure.Security.KeyVault.Certificates,4.1.0,4.2.0-beta.5,Key Vault - Certificates,Key Vault,keyvault,,,client,TRUE,"4.2.0,04/15/2021",1/9/2020,active,,Microsoft.Azure.KeyVault,
Azure.Security.KeyVault.Keys,4.1.0,4.2.0-beta.5,Key Vault - Keys,Key Vault,keyvault,,,client,TRUE,"4.2.0,04/15/2021",10/30/2019,active,,Microsoft.Azure.KeyVault,
Azure.Security.KeyVault.Secrets,4.1.0,4.2.0-beta.4,Key Vault - Secrets,Key Vault,keyvault,,,client,TRUE,"4.2.0,04/15/2021",10/30/2019,active,,Microsoft.Azure.KeyVault,
Azure.Media.Analytics.Edge,,1.0.0-beta.1,Media Analytics Edge,Media,mediaservices,,,client,TRUE,,,,,,
Azure.AI.MetricsAdvisor,,1.0.0-beta.3,Metrics Advisor,Metrics Advisor,metricsadvisor,,,client,TRUE,,,,,,
Azure.Monitor.OpenTelemetry.Exporter,,1.0.0-beta.2,Monitor OpenTelemetry Exporter,Monitor,monitor,,,client,TRUE,,,,,,
Azure.Messaging.ServiceBus,7.1.1,7.2.0-beta.1,Service Bus,Service Bus,servicebus,,,client,TRUE,"7.2.0,04/13/2021",11/24/2020,active,,Microsoft.Azure.ServiceBus,
Azure.Storage.Blobs,12.8.1,12.9.0-beta.2,Storage - Blobs,Storage,storage,,,client,TRUE,,10/31/2019,active,,Microsoft.Azure.Storage.Blob,
Azure.Storage.Blobs.Batch,12.5.1,12.6.0-beta.2,Storage - Blobs Batch,Storage,storage,,,client,TRUE,,10/31/2019,active,,,
Azure.Storage.Blobs.ChangeFeed,,12.0.0-preview.10,Storage - Blobs ChangeFeed,Storage,storage,,,client,TRUE,,,,,,
Azure.Storage.Common,12.7.2,12.8.0-beta.2,Storage - Common,Storage,storage,,,client,TRUE,,10/31/2019,active,,Microsoft.Azure.Storage.Common,
Azure.Storage.Files.DataLake,12.6.1,12.7.0-beta.2,Storage - Files Data Lake,Data Lake Storage (Gen 2),storage,,,client,TRUE,,3/12/2020,active,,,
Azure.Storage.Files.Shares,12.6.1,12.7.0-beta.2,Storage - Files Shares,Storage,storage,,,client,TRUE,,12/4/2019,active,,Microsoft.Azure.Storage.File,
Azure.Storage.Queues,12.6.1,12.7.0-beta.2,Storage - Queues,Storage,storage,,,client,TRUE,,10/31/2019,active,,Microsoft.Azure.Storage.Queue,
Azure.Analytics.Synapse.AccessControl,,1.0.0-preview.3,Synapse - AccessControl,Synapse Analytics,synapse,,,client,TRUE,,,,,,
Azure.Analytics.Synapse.Artifacts,,1.0.0-preview.8,Synapse - Artifacts,Synapse Analytics,synapse,,,client,TRUE,,,,,,
Azure.Analytics.Synapse.ManagedPrivateEndpoints,,1.0.0-beta.2,Synapse - Managed Private Endpoints,Synapse Analytics,synapse,,,client,TRUE,,,,,,
Azure.Analytics.Synapse.Monitoring,,1.0.0-beta.2,Synapse - Monitoring,Synapse Analytics,synapse,,,client,TRUE,,,,,,
Azure.Analytics.Synapse.Spark,,1.0.0-preview.5,Synapse - Spark,Synapse Analytics,synapse,,,client,TRUE,,,,,,
System.Memory.Data,1.0.1,,System Memory Data,Core,core,,,client,TRUE,,11/4/2020,active,,,
Azure.Data.Tables,,12.0.0-beta.7,Tables,Tables,tables,,,client,TRUE,,,,,Microsoft.Azure.Cosmos.Table,
Azure.AI.TextAnalytics,5.0.0,5.1.0-beta.6,Text Analytics,Text Analytics,textanalytics,,,client,TRUE,"5.1.0-beta.7,05/11/2021|5.1.0,06/08/2021",6/9/2020,active,,Microsoft.Azure.CognitiveServices.Language.TextAnalytics,
Azure.ResourceManager.AppConfiguration,,1.0.0-preview.1,Resource Management - App Configuration,App Configuration,appconfiguration,,,mgmt,TRUE,,,preview,,,
Azure.ResourceManager.Communication,1.0.0,,Resource Management - Communication,Communication,communication,NA,,mgmt,TRUE,,,preview,,,
Azure.ResourceManager.Compute,,1.0.0-preview.2,Resource Management - Compute,Compute,compute,,,mgmt,TRUE,,,preview,,,
Azure.ResourceManager.CosmosDB,,1.0.0-preview.1,Resource Management - Cosmos DB,Cosmos DB,cosmosdb,,,mgmt,TRUE,,,preview,,,
Azure.ResourceManager.Dns,,1.0.0-preview.1,Resource Management - DNS,DNS,dns,,,mgmt,TRUE,,,preview,,,
Azure.ResourceManager.EventHubs,,1.0.0-preview.1,Resource Management - Event Hubs,Event Hubs,eventhub,,,mgmt,TRUE,,,preview,,,
Azure.ResourceManager.Insights,,1.0.0-preview.1,Resource Management - Insights,Insights,insights,,,mgmt,TRUE,,,preview,,,
Azure.ResourceManager.KeyVault,,1.0.0-preview.1,Resource Management - KeyVault,Key Vault,keyvault,,,mgmt,TRUE,,,preview,,,
Azure.ResourceManager.Network,,1.0.0-preview.2,Resource Management - Network,Virtual Network,network,,,mgmt,TRUE,,,preview,,,
Azure.ResourceManager.Resources,,1.0.0-preview.2,Resource Management - Resources,Resources,resources,,,mgmt,TRUE,,,preview,,,
Azure.ResourceManager.Storage,,1.0.0-preview.2,Resource Management - Storage,Storage,storage,,,mgmt,TRUE,,,preview,,,
,,,,Active Directory B2C,,NA,NA,,,,,,TRUE,,
,,,,Active Directory Domain Services,,NA,NA,,,,,,TRUE,,
,,,,Advanced Threat Protection,,NA,NA,,,,,,TRUE,,
,,,,API Apps,,NA,NA,,,,,,TRUE,,
,,,,Application Gateway,,NA,NA,,,,,,TRUE,,
,,,,Arc Enabled Servers,,NA,NA,,,,,,TRUE,,
,,,,Archive Storage,,NA,NA,,,,,,TRUE,,
,,,,Artifacts,,NA,NA,,,,,,TRUE,,
,,,,Avere vFXT for Azure,,NA,NA,,,,,,TRUE,,
,,,,Bastion,,NA,NA,,,,,,TRUE,,
,,,,Blockchain Service,,NA,NA,,,,,,TRUE,,
,,,,Blockchain Tokens,,NA,NA,,,,,,TRUE,,
,,,,Blockchain Workbench,,NA,NA,,,,,,TRUE,,
,,,,Boards,,NA,NA,,,,,,TRUE,,
,,,,Cloud Services,,NA,NA,,,,,,TRUE,,
,,,,Cloud Shell,,NA,NA,,,,,,TRUE,,
,,,,Common Data Service,,NA,NA,,,,,,TRUE,,
,,,,Content Protection,,NA,NA,,,,,,TRUE,,
,,,,Customer Lockbox for Microsoft Azure,,NA,NA,,,,,,TRUE,,
,,,,CycleCloud,,NA,NA,,,,,,TRUE,,
,,,,Data Catalog,,NA,NA,,,,,,TRUE,,
,,,,Data Science Virtual Machines,,NA,NA,,,,,,TRUE,,
,,,,Database for MariaDB,,NA,NA,,,,,,TRUE,,
,,,,Databricks,,NA,NA,,,,,,TRUE,,
,,,,DDoS Protection Standard,,NA,NA,,,,,,TRUE,,
,,,,Dedicated Host,,NA,NA,,,,,,TRUE,,
,,,,Dedicated HSM,,NA,NA,,,,,,TRUE,,
,,,,DevOps,,NA,NA,,,,,,TRUE,,
,,,,Disk Storage,,NA,NA,,,,,,TRUE,,
,,,,Encoding,,NA,NA,,,,,,TRUE,,
,,,,Firewall,,NA,NA,,,,,,TRUE,,
,,,,Firewall Manager,,NA,NA,,,,,,TRUE,,
,,,,FXT Edge Filer,,NA,NA,,,,,,TRUE,,
,,,,HPC Cache,,NA,NA,,,,,,TRUE,,
,,,,Internet Analyzer,,NA,NA,,,,,,TRUE,,
,,,,IoT Edge,,NA,NA,,,,,,TRUE,,
,,,,IoT solution accelerators,,NA,NA,,,,,,TRUE,,
,,,,Kubernetes Service,,NA,NA,,,,,,TRUE,,
,,,,Lighthouse,,NA,NA,,,,,,TRUE,,
,,,,Linux Virtual Machines,,NA,NA,,,,,,TRUE,,
,,,,Live and On-Demand Streaming,,NA,NA,,,,,,TRUE,,
,,,,Load Balancer,,NA,NA,,,,,,TRUE,,
,,,,Log Analytics,,NA,NA,,,,,,TRUE,,
,,,,Machine Learning Studio,,NA,NA,,,,,,TRUE,,
,,,,Managed Applications,,NA,NA,,,,,,TRUE,,
,,,,Managed Disks,,NA,NA,,,,,,TRUE,,
,,,,Media Player,,NA,NA,,,,,,TRUE,,
,,,,Microsoft Azure portal,,NA,NA,,,,,,TRUE,,
,,,,Microsoft Genomics,,NA,NA,,,,,,TRUE,,
,,,,Migrate,,NA,NA,,,,,,TRUE,,
,,,,Network Watcher,,NA,NA,,,,,,TRUE,,
,,,,Open Datasets,,NA,NA,,,,,,TRUE,,
,,,,Pipelines,,NA,NA,,,,,,TRUE,,
,,,,Policy,,NA,NA,,,,,,TRUE,,
,,,,Power Apps,,NA,NA,,,,,,TRUE,,
,,,,Power Automate,,NA,NA,,,,,,TRUE,,
,,,,Private Link,,NA,NA,,,,,,TRUE,,
,,,,R Server for HDInsight,,NA,NA,,,,,,TRUE,,
,,,,Red Hat OpenShift (ARO),,NA,NA,,,,,,TRUE,,
,,,,Repos,,NA,NA,,,,,,TRUE,,
,,,,Resource Manager templates,,NA,NA,,,,,,TRUE,,
,,,,RTOS,,NA,NA,,,,,,TRUE,,
,,,,SAP HANA on Azure,,NA,NA,,,,,,TRUE,,
,,,,Service Health,,NA,NA,,,,,,TRUE,,
,,,,Spatial Anchors,,NA,NA,,,,,,TRUE,,
,,,,Speaker Recognition,,NA,NA,,,,,,TRUE,,
,,,,Speech Translation,,NA,NA,,,,,,TRUE,,
,,,,Sphere,,NA,NA,,,,,,TRUE,,
,,,,SQL Database Edge,,NA,NA,,,,,,TRUE,,
,,,,SQL Managed Instance,,NA,NA,,,,,,TRUE,,
,,,,Storage Explorer,,NA,NA,,,,,,TRUE,,
,,,,Test Plans,,NA,NA,,,,,,TRUE,,
,,,,Time Series Insights,,NA,NA,,,,,,TRUE,,
,,,,Translator,,NA,NA,,,,,,TRUE,,
,,,,Video Indexer,,NA,NA,,,,,,TRUE,,
,,,,Virtual Machine Scale Sets,,NA,NA,,,,,,TRUE,,
,,,,Virtual WAN,,NA,NA,,,,,,TRUE,,
,,,,Visual Studio,,NA,NA,,,,,,TRUE,,
,,,,Visual Studio App Center,,NA,NA,,,,,,TRUE,,
,,,,Visual Studio Code,,NA,NA,,,,,,TRUE,,
,,,,Visual Studio Online,,NA,NA,,,,,,TRUE,,
,,,,VMWare by CloudSimple,,NA,NA,,,,,,TRUE,,
,,,,VPN Gateway,,NA,NA,,,,,,TRUE,,
,,,,Web App for Containers,,NA,NA,,,,,,TRUE,,
,,,,Web Apps,,NA,NA,,,,,,TRUE,,
,,,,Windows 10 IoT Core Services,,NA,NA,,,,,,TRUE,,
,,,,Windows Virtual Desktop,,NA,NA,,,,,,TRUE,,
,,,,Xamarin,,NA,NA,,,,,,TRUE,,
Azure.AI.Translation.Document,,1.0.0-beta.1,Azure.AI.Translation.Document,,NA,NA,NA,,FALSE,,,,,,
Azure.Communication.Administration,,1.0.0-beta.3,Azure.Communication.Administration,,NA,NA,NA,,FALSE,,,,,,
Azure.Iot.ModelsRepository,,1.0.0-preview.2,Azure.Iot.ModelsRepository,,NA,NA,NA,,FALSE,,,,,,
Azure.Quantum.Jobs,,1.0.0-beta.2,Azure.Quantum.Jobs,,NA,NA,NA,,FALSE,,,,,,
Microsoft.Azure.Functions.Worker.Core,1.0.0,,Microsoft.Azure.Functions.Worker.Core,,NA,NA,NA,,FALSE,,,active,,,
Microsoft.Azure.Functions.Worker.Extensions.Abstractions,1.0.0,1.0.0-preview5,Microsoft.Azure.Functions.Worker.Extensions.Abstractions,,NA,NA,NA,,FALSE,,,active,,,
Microsoft.Azure.Functions.Worker.Extensions.CosmosDB,3.0.9,3.0.9-preview1,Microsoft.Azure.Functions.Worker.Extensions.CosmosDB,,NA,NA,NA,,FALSE,,,active,,,
Microsoft.Azure.Functions.Worker.Extensions.EventGrid,2.1.0,2.1.0-preview1,Microsoft.Azure.Functions.Worker.Extensions.EventGrid,,NA,NA,NA,,FALSE,,,active,,,
Microsoft.Azure.Functions.Worker.Extensions.EventHubs,4.2.0,4.2.0-preview1,Microsoft.Azure.Functions.Worker.Extensions.EventHubs,,NA,NA,NA,,FALSE,,,active,,,
Microsoft.Azure.Functions.Worker.Extensions.Http,3.0.12,3.0.12-preview1,Microsoft.Azure.Functions.Worker.Extensions.Http,,NA,NA,NA,,FALSE,,,active,,,
Microsoft.Azure.Functions.Worker.Extensions.Kafka,3.2.1,3.2.1-preview1,Microsoft.Azure.Functions.Worker.Extensions.Kafka,,NA,NA,NA,,FALSE,,,active,,,
Microsoft.Azure.Functions.Worker.Extensions.RabbitMQ,,1.0.0-beta,Microsoft.Azure.Functions.Worker.Extensions.RabbitMQ,,NA,NA,NA,,FALSE,,,,,,
Microsoft.Azure.Functions.Worker.Extensions.ServiceBus,4.2.1,4.2.1-preview1,Microsoft.Azure.Functions.Worker.Extensions.ServiceBus,,NA,NA,NA,,FALSE,,,active,,,
Microsoft.Azure.Functions.Worker.Extensions.SignalRService,1.2.2,1.2.2-preview1,Microsoft.Azure.Functions.Worker.Extensions.SignalRService,,NA,NA,NA,,FALSE,,,active,,,
Microsoft.Azure.Functions.Worker.Extensions.Storage,4.0.4,4.0.4-preview1,Microsoft.Azure.Functions.Worker.Extensions.Storage,,NA,NA,NA,,FALSE,,,active,,,
Microsoft.Azure.Functions.Worker.Extensions.Timer,4.0.1,4.0.1-preview1,Microsoft.Azure.Functions.Worker.Extensions.Timer,,NA,NA,NA,,FALSE,,,active,,,
Microsoft.Azure.Functions.Worker.Extensions.Warmup,4.0.1,4.0.1-preview1,Microsoft.Azure.Functions.Worker.Extensions.Warmup,,NA,NA,NA,,FALSE,,,active,,,
Microsoft.Azure.Functions.Worker.Grpc,1.0.0,,Microsoft.Azure.Functions.Worker.Grpc,,NA,NA,NA,,FALSE,,,active,,,
Microsoft.Azure.Functions.Worker.ItemTemplates,3.1.1733,,Microsoft.Azure.Functions.Worker.ItemTemplates,,NA,NA,NA,,FALSE,,,active,,,
Microsoft.Azure.Functions.Worker.ProjectTemplates,3.1.1733,,Microsoft.Azure.Functions.Worker.ProjectTemplates,,NA,NA,NA,,FALSE,,,active,,,
Microsoft.Azure.Functions.Worker.Sdk.Analyzers,1.0.0,,Microsoft.Azure.Functions.Worker.Sdk.Analyzers,,NA,NA,NA,,FALSE,,,active,,,
Microsoft.Azure.Management.ChangeAnalysis,,1.0.0-beta.1,Microsoft.Azure.Management.ChangeAnalysis,,NA,NA,NA,,FALSE,,,preview,,,
Microsoft.Azure.Management.DeviceUpdate,,1.0.1-beta.1,Microsoft.Azure.Management.DeviceUpdate,,NA,NA,NA,,FALSE,,,preview,,,
Microsoft.Azure.Management.Healthbot,1.0.0,,Microsoft.Azure.Management.Healthbot,,NA,NA,NA,,FALSE,,,active,,,
Microsoft.Azure.Management.Kubernetes,,1.0.0-beta.1,Microsoft.Azure.Management.Kubernetes,,NA,NA,NA,,FALSE,,,preview,,,
Microsoft.Azure.Management.KubernetesConfiguration,1.0.0,,Microsoft.Azure.Management.KubernetesConfiguration,,NA,NA,NA,,FALSE,,,active,,,
Microsoft.Azure.Management.ProviderHub,,1.0.0-beta.1,Microsoft.Azure.Management.ProviderHub,,NA,NA,NA,,FALSE,,,preview,,,
Microsoft.Azure.Management.Purview,,1.0.0-beta.1,Microsoft.Azure.Management.Purview,,NA,NA,NA,,FALSE,,,preview,,,
Microsoft.Azure.Management.Quantum,,1.0.0-beta.1,Microsoft.Azure.Management.Quantum,,NA,NA,NA,,FALSE,,,preview,,,
Microsoft.Azure.Management.ServiceFabricManagedClusters,,1.0.0-beta.1,Microsoft.Azure.Management.ServiceFabricManagedClusters,,NA,NA,NA,,FALSE,,,preview,,,
Microsoft.Azure.Messaging.EventGrid.CloudNativeCloudEvents,,1.0.0-beta.1,Microsoft.Azure.Messaging.EventGrid.CloudNativeCloudEvents,,NA,NA,NA,,FALSE,,,,,,
Microsoft.Azure.SignalR.Emulator,,1.0.0-preview1-10723,Microsoft.Azure.SignalR.Emulator,,NA,NA,NA,,FALSE,,,,,,
Microsoft.Azure.CognitiveServices.AnomalyDetector,1.0.0,1.0.0-preview.1,Anomaly Detector,Anomaly Detector,https://github.com/Azure/azure-sdk-for-net/tree/Microsoft.Azure.CognitiveServices.AnomalyDetector_1.0.0-preview.1/sdk/cognitiveservices/AnomalyDetector,NA,,client,FALSE,,,active,,Azure.AI.AnomalyDetector,
Microsoft.Azure.AppService,,0.2.2-alpha,App Service,App Service,NA,NA,NA,client,FALSE,,,,,,
Microsoft.Azure.AppService.ApiApps.Common,0.9.36,,App Service - API Apps Common,App Service,NA,NA,NA,client,FALSE,,,,,,
Microsoft.Azure.AppService.ApiApps.Service,0.9.64,,App Service - API Apps Service,App Service,NA,NA,NA,client,FALSE,,,,,,
Microsoft.Azure.ApplicationInsights,,0.9.0-preview,Application Insights,Application Insights,NA,NA,NA,client,FALSE,,,,,,
Microsoft.Azure.ApplicationInsights.Query,1.0.0,,Application Insights - Query,Application Insights,https://github.com/Azure/azure-sdk-for-net/tree/master/sdk/applicationinsights/Microsoft.Azure.ApplicationInsights.Query,NA,,client,FALSE,,,active,,,
Azure.AspNetCore.DataProtection.Blobs,,1.0.0-preview.1,ASP.NET DataProtection Blobs,DataProtection,NA,NA,,client,FALSE,,,,TRUE,,Renamed to Azure.Extensions.AspNetCore.DataProtection.Blobs before GA
Azure.AspNetCore.DataProtection.Keys,,1.0.0-preview.1,ASP.NET DataProtection Keys,DataProtection,NA,NA,,client,FALSE,,,,TRUE,,Renamed to Azure.Extensions.AspNetCore.DataProtection.Keys before GA
Microsoft.Azure.Attestation,,0.10.0-preview,Attestation,Attestation,attestation,NA,,client,FALSE,,,,,,
Microsoft.AutoRest.Common,2.4.48,,AutoRest Common,AutoRest,https://github.com/Azure/autorest.common,NA,NA,client,FALSE,,,active,,,
Microsoft.Azure.CognitiveServices.Search.AutoSuggest,2.0.0,,Autosuggest,Autosuggest,NA,NA,NA,client,FALSE,,,active,,,
Microsoft.Azure.Services.AppAuthentication,1.6.1,,Azure Active Directory - App Authentication,Active Directory,NA,NA,NA,client,FALSE,,,active,,,
Azure.Base,,1.0.0-preview.3,Azure Base,Base,NA,NA,NA,client,FALSE,,,,TRUE,,
Azure.Batch.FileStaging,8.0.1,,Azure Batch - File Staging,Batch,NA,NA,NA,client,FALSE,,,active,TRUE,,
Azure.Extensions.Configuration.Secrets,,1.0.0-preview.1,Azure Extensions Configuration Secrets,Extensions,NA,NA,,client,FALSE,,,,TRUE,,Renamed to Azure.Extensions.AspNetCore.Configuration.Secrets before GA
Microsoft.OpenTelemetry.Exporter.AzureMonitor,,1.0.0-beta.1,Azure Monitor Exporter for OpenTelemetry,Monitor,NA,,,client,FALSE,,,,,,
Microsoft.AzureStack.AzureConsistentStorage,,0.10.8-preview,Azure Stack - Azure Consistent Storage,Stack,NA,NA,NA,client,FALSE,,,,,,
Azure.Template,,1.0.3-beta.20201117,Azure Template,template,C:\Git\azure-sdk-for-net\sdk\template,,NA,client,TRUE,,,,TRUE,,
Microsoft.Azure.Batch,14.0.0,,Batch,Batch,batch,NA,,client,FALSE,,,active,,,
Microsoft.Azure.Batch.Apps.Cryptography,1.1.1.4,,Batch - Apps Cryptography,Batch,NA,NA,NA,client,FALSE,,,active,,,
Microsoft.Azure.Batch.Conventions.Files,3.5.1,,Batch - Conventions Files,Batch,batch,NA,,client,FALSE,,,active,,,
Microsoft.Azure.Batch.FileStaging,8.3.0,,Batch - File Staging,Batch,https://github.com/Azure/azure-sdk-for-net/tree/master/sdk/batch/Microsoft.Azure.Batch.FileStaging,NA,,client,FALSE,,,active,,,
Microsoft.Azure.CognitiveServices.Search.BingAutoSuggest,,2.1.0-preview.1,Bing Autosuggest,Bing Autosuggest,https://github.com/Azure/azure-sdk-for-net/tree/Microsoft.Azure.CognitiveServices.Search.BingAutoSuggest_2.1.0-preview.1/sdk/cognitiveservices/Search.BingAutoSuggest,NA,,client,FALSE,,,,,,
Microsoft.Azure.CognitiveServices.Search.BingCustomImageSearch,,2.1.0-preview.1,Bing Custom Image Search,Bing Custom Image Search,https://github.com/Azure/azure-sdk-for-net/tree/Microsoft.Azure.CognitiveServices.Search.BingCustomImageSearch_2.1.0-preview.1/sdk/cognitiveservices/Search.BingCustomImageSearch,NA,,client,FALSE,,,,,,
Microsoft.Azure.CognitiveServices.Search.BingCustomSearch,,2.1.0-preview.1,Bing Custom Search,Bing Custom Search,https://github.com/Azure/azure-sdk-for-net/tree/Microsoft.Azure.CognitiveServices.Search.BingCustomSearch_2.1.0-preview.1/sdk/cognitiveservices/Search.BingCustomSearch,NA,,client,FALSE,,,,,,
Microsoft.Azure.CognitiveServices.Search.BingEntitySearch,,2.1.0-preview.1,Bing Entity Search,Bing Entity Search,https://github.com/Azure/azure-sdk-for-net/tree/Microsoft.Azure.CognitiveServices.Search.BingEntitySearch_2.1.0-preview.1/sdk/cognitiveservices/Search.BingEntitySearch,NA,,client,FALSE,,,,,,
Microsoft.Azure.CognitiveServices.Search.BingImageSearch,,2.1.0-preview.1,Bing Image Search,Bing Image Search,https://github.com/Azure/azure-sdk-for-net/tree/Microsoft.Azure.CognitiveServices.Search.BingImageSearch_2.1.0-preview.1/sdk/cognitiveservices/Search.BingImageSearch,NA,,client,FALSE,,,,,,
Microsoft.Azure.CognitiveServices.Search.BingLocalSearch,,1.0.0-preview.1,Bing Local Search,Bing Local Search,https://github.com/Azure/azure-sdk-for-net/tree/Microsoft.Azure.CognitiveServices.Search.BingLocalSearch_1.0.0-preview.1/sdk/cognitiveservices/Search.BingLocalSearch,NA,,client,FALSE,,,,,,
Microsoft.Azure.CognitiveServices.Search.BingNewsSearch,,2.1.0-preview.1,Bing News Search,Bing News Search,https://github.com/Azure/azure-sdk-for-net/tree/Microsoft.Azure.CognitiveServices.Search.BingNewsSearch_2.1.0-preview.1/sdk/cognitiveservices/Search.BingNewsSearch,NA,,client,FALSE,,,,,,
Microsoft.Azure.CognitiveServices.Search.BingVideoSearch,,2.1.0-preview.1,Bing Video Search,Bing Video Search,https://github.com/Azure/azure-sdk-for-net/tree/Microsoft.Azure.CognitiveServices.Search.BingVideoSearch_2.1.0-preview.1/sdk/cognitiveservices/Search.BingVideoSearch,NA,,client,FALSE,,,,,,
Microsoft.Azure.CognitiveServices.Search.BingVisualSearch,,2.1.0-preview.1,Bing Visual Search,Bing Visual Search,https://github.com/Azure/azure-sdk-for-net/tree/Microsoft.Azure.CognitiveServices.Search.BingVisualSearch_2.1.0-preview.1/sdk/cognitiveservices/Search.BingVisualSearch,NA,,client,FALSE,,,,,,
Microsoft.Azure.CognitiveServices.Search.BingWebSearch,,2.1.0-preview.1,Bing Web Search,Bing Web Search,https://github.com/Azure/azure-sdk-for-net/tree/Microsoft.Azure.CognitiveServices.Search.BingWebSearch_2.1.0-preview.1/sdk/cognitiveservices/Search.BingWebSearch,NA,,client,FALSE,,,,,,
Microsoft.Rest.ClientRuntime,2.3.22,,Client Runtime,AutoRest,https://github.com/Azure/azure-sdk-for-net/tree/Microsoft.Rest.ClientRuntime_2.3.21/sdk/mgmtcommon/ClientRuntime,NA,NA,client,FALSE,,,active,,,
Microsoft.Rest.ClientRuntime.Azure,3.3.19,,Client Runtime - Azure,AutoRest,https://github.com/Azure/azure-sdk-for-net/tree/master/sdk/mgmtcommon/ClientRuntime.Azure,NA,NA,client,FALSE,,,active,,,
Microsoft.Rest.ClientRuntime.Azure.Authentication,2.4.1,,Client Runtime - Azure Authentication,AutoRest,https://github.com/Azure/azure-sdk-for-net/tree/Microsoft.Rest.ClientRuntime.Azure.Authentication_2.4.1/sdk/mgmtcommon/Auth/Az.Auth/Az.Authentication,NA,NA,client,FALSE,,,active,,,
Microsoft.Rest.ClientRuntime.Azure.TestFramework,1.7.7,,Client Runtime - Azure Test Framework,AutoRest,https://github.com/Azure/azure-sdk-for-net/tree/Microsoft.Rest.ClientRuntime.Azure.TestFramework_1.7.7/sdk/mgmtcommon/TestFramework/ClientRuntime.Azure.TestFramework,NA,NA,client,FALSE,,,active,,,
Microsoft.Rest.ClientRuntime.Etw,2.1.3,,Client Runtime - ETW,AutoRest,https://github.com/Azure/azure-sdk-for-net/tree/master/sdk/mgmtcommon/ClientRuntime.Etw,NA,NA,client,FALSE,,,active,,,
Microsoft.Rest.ClientRuntime.Log4Net,2.1.4,,Client Runtime - Log4Net,AutoRest,https://github.com/Azure/azure-sdk-for-net/tree/master/sdk/mgmtcommon/ClientRuntime.Log4Net,NA,NA,client,FALSE,,,active,,,
Microsoft.Azure.Commerce.UsageAggregates,1.5.3,,Commerce Usage Aggregates,Commerce,NA,NA,NA,client,FALSE,,,active,,,
Microsoft.Azure.Common,2.2.1,,Common,Common,NA,NA,NA,client,FALSE,,,active,,,
Microsoft.Azure.Common.Authentication,,1.7.0-preview,Common - Authentication,Common,NA,NA,NA,client,FALSE,,,,,,
Microsoft.Azure.Common.Dependencies,1.0.0,,Common - Dependencies,Common,NA,NA,NA,client,FALSE,,,active,,,
Microsoft.Azure.CognitiveServices.Vision.ComputerVision,6.0.0,6.0.0-preview.1,Computer Vision,Computer Vision,https://github.com/Azure/azure-sdk-for-net/tree/Microsoft.Azure.CognitiveServices.Vision.ComputerVision_6.0.0-preview.1/sdk/cognitiveservices/Vision.ComputerVision,NA,,client,FALSE,,,active,,,
Microsoft.Azure.ConfigurationManager,4.0.0,,Configuration Manager,Configuration Manager,NA,NA,NA,client,FALSE,,,active,,,
Microsoft.Azure.ContainerRegistry,,1.0.0-preview.2,Container Registry,Container Registry,containerregistry,NA,,client,FALSE,,,,,,
Microsoft.Azure.CognitiveServices.ContentModerator,2.0.0,,Content Moderator,Content Moderator,NA,NA,NA,client,FALSE,,,active,,,
Azure.Core.Experimental,,0.1.0-preview.11,Core Experimental,Core,core,,,client,TRUE,,,,TRUE,,Hiding as it is only for experimenting with new Azure.Core features
Azure.Core.Extensions,,1.0.0-preview.6,Core Extensions,Core,NA,NA,NA,client,FALSE,,,,TRUE,,Renamed to Microsoft.Extensions.Azure before GA
Microsoft.Azure.Core.NewtonsoftJson,1.0.0,1.0.0-preview.1,Core Newtonsoft Json,Core,NA,NA,,client,FALSE,,,active,,,
Microsoft.Azure.Core.Spatial,1.0.0,1.0.0-beta.1,Core Spatial,Core,NA,NA,,client,FALSE,,,active,,,
Microsoft.Azure.Core.Spatial.NewtonsoftJson,1.0.0,1.0.0-beta.1,Core Spatial Newtonsoft Json,Core,NA,NA,,client,FALSE,,,active,,,
Microsoft.Azure.Cosmos,3.17.0,3.18.0-preview,Cosmos DB,Cosmos DB,https://github.com/Azure/azure-cosmos-dotnet-v3/tree/3.12.0/Microsoft.Azure.Cosmos,https://docs.microsoft.com/dotnet/api/overview/azure/cosmosdb,NA,client,FALSE,,,active,,Azure.Cosmos,
Microsoft.Azure.CosmosDB.BulkExecutor,,2.5.1-preview,Cosmos DB - BulkExecutor,Cosmos DB,https://github.com/Azure/azure-cosmosdb-bulkexecutor-dotnet-getting-started,NA,NA,client,FALSE,,,,,,
Microsoft.Azure.Cosmos.Direct,3.17.3,,Cosmos DB - Direct,Cosmos DB,https://github.com/Azure/azure-cosmos-dotnet-v3,NA,NA,client,FALSE,,,active,,,
Microsoft.Azure.Cosmos.Encryption,,1.0.0-previewV13,Cosmos DB - Encryption,Cosmos DB,https://github.com/Azure/azure-cosmos-dotnet-v3/tree/releases/encryption/1.0.0-preview4/Microsoft.Azure.Cosmos.Encryption,NA,NA,client,FALSE,,,,,,
Microsoft.Azure.CognitiveServices.Search.CustomImageSearch,2.0.0,,Custom Image Search,Custom Image Search,NA,NA,NA,client,FALSE,,,active,,,
Microsoft.Azure.CognitiveServices.Search.CustomSearch,2.0.0,,Custom Search,Custom Search,NA,NA,NA,client,FALSE,,,active,,,
Microsoft.Azure.CognitiveServices.Vision.CustomVision.Prediction,2.0.0,,Custom Vision Prediction,Custom Vision,https://github.com/Azure/azure-sdk-for-net/tree/Microsoft.Azure.CognitiveServices.Vision.CustomVision.Prediction_2.0.0/sdk/cognitiveservices/Vision.CustomVision.Prediction,NA,,client,FALSE,,,active,,,
Microsoft.Azure.CognitiveServices.Vision.CustomVision.Training,2.0.0,2.1.0-preview,Custom Vision Training,Custom Vision,https://github.com/Azure/azure-sdk-for-net/tree/Microsoft.Azure.CognitiveServices.Vision.CustomVision.Training_2.0.0/sdk/cognitiveservices/Vision.CustomVision.Training,NA,,client,FALSE,,,active,,,
Microsoft.Azure.DataLake.USQL.SDK,1.4.200831,,Data Lake Analytics,Data Lake Analytics,NA,NA,NA,client,FALSE,,,active,,,
Microsoft.Azure.DataLake.Store,,1.2.5-alpha,Data Lake Storage,Data Lake Storage (Gen 1),https://github.com/Azure/azure-data-lake-store-net/tree/1.2.3-alpha,https://docs.microsoft.com/dotnet/api/overview/azure/data-lake-store,NA,client,FALSE,,,,,,
Microsoft.Azure.DCAP,1.8.0,,DCAP,DCAP,https://github.com/microsoft/Azure-DCAP-Client/tree/1.6,NA,NA,client,FALSE,,,active,,,
Azure.DCAP.Windows,1.2.0,,DCAP Windows,DCAP,NA,NA,NA,client,FALSE,,,active,TRUE,,
Microsoft.Azure.Devices.Client,1.36.0,,Devices Client,IoT Plug and Play,NA,NA,NA,client,FALSE,,,active,,,
Microsoft.Azure.DocumentDB,2.13.1,,Document DB,Cosmos DB,https://github.com/Azure/azure-cosmos-dotnet-v2,NA,NA,client,FALSE,,,active,,,
Microsoft.Azure.DocumentDB.ChangeFeedProcessor,2.3.2,,Document DB - Change Feed Processor,Cosmos DB,https://github.com/Azure/azure-documentdb-changefeedprocessor-dotnet/tree/master,NA,NA,client,FALSE,,,active,,,
Microsoft.Azure.DocumentDB.Core,2.13.1,,Document DB - Core,Cosmos DB,https://github.com/Azure/azure-cosmos-dotnet-v2,NA,NA,client,FALSE,,,active,,,
Microsoft.Azure.CognitiveServices.Search.EntitySearch,2.0.0,,Entity Search,Entity Search,NA,NA,NA,client,FALSE,,,active,,,
Microsoft.Azure.EventGrid,3.2.0,,Event Grid,Event Grid,eventgrid,https://docs.microsoft.com/dotnet/api/overview/azure/eventgrid,NA,client,FALSE,,,active,,Azure.Messaging.EventGrid,
Microsoft.Azure.EventHubs,4.3.1,,Event Hubs,Event Hubs,eventhub,NA,,client,FALSE,,,maintenance,,Azure.Messaging.EventHubs,
Microsoft.Azure.EventHubs.Processor,4.3.1,,Event Hubs - Processor,Event Hubs,eventhub,NA,,client,FALSE,,,maintenance,,Azure.Messaging.EventHubs.Processor,
Microsoft.Azure.Data.SchemaRegistry.ApacheAvro,,1.0.0-beta.1,Event Hubs - Schema Registry Apache Avro,Event Hubs,NA,NA,,client,FALSE,,,,,,
Microsoft.Azure.EventHubs.ServiceFabricProcessor,0.5.4,,Event Hubs - Service Fabric Processor,Event Hubs,eventhub,NA,NA,client,FALSE,,,maintenance,,,
Microsoft.Extensions.Azure,1.0.0,1.1.0-beta.2,Extensions - Azure,Extensions,extensions,NA,,client,TRUE,,,active,TRUE,,Hiding until 1.1.0 Ga to fix broken repo path
Microsoft.Extensions.Caching.Cosmos,,1.0.0-preview6,Extensions - Caching Cosmos,Cosmos DB,https://github.com/Azure/Microsoft.Extensions.Caching.Cosmos/tree/v1.0.0-preview4,NA,NA,client,FALSE,,,,,,
Microsoft.Azure.CognitiveServices.Vision.Face,,2.7.0-preview.1,Face,Face,https://github.com/Azure/azure-sdk-for-net/tree/Microsoft.Azure.CognitiveServices.Vision.Face_2.6.0-preview.1/sdk/cognitiveservices/Vision.Face,NA,,client,FALSE,,,,,,
Microsoft.Azure.CognitiveServices.FormRecognizer,,0.8.0-preview,Form Recognizer,Form Recognizer,https://github.com/Azure/azure-sdk-for-net/tree/master/sdk/cognitiveservices/FormRecognizer,NA,NA,client,FALSE,,,,,Azure.AI.FormRecognizer,
Microsoft.Azure.Functions.Extensions,1.1.0,1.1.0-preview1,Functions - Extensions,Functions,https://github.com/Azure/azure-functions-dotnet-extensions,NA,NA,client,FALSE,,,active,,,
Microsoft.Azure.Gallery,,2.6.2-preview,Gallery,App Services,NA,NA,NA,client,FALSE,,,,,,
Microsoft.Azure.Graph.RBAC,,3.8.0-preview,Graph RBAC,Microsoft Graph,https://github.com/Azure/azure-sdk-for-net/tree/master/sdk/graphrbac,NA,,client,FALSE,,,,,,
Microsoft.Hadoop.Client,1.5.13,,Hadoop Client,HDInsight,NA,NA,NA,client,FALSE,,,active,,,
Microsoft.Azure.HDInsight.Job,,3.0.0-preview.2,HDInsight - Job,HDInsight,hdinsight,NA,,client,FALSE,,,,,,
Hyak.Common,1.2.2,,Hyak Common,Hyak Common,NA,NA,NA,client,FALSE,,,active,FALSE,,
Hyak.Common.Tracing.Etw,1.0.2,,Hyak Common - Tracing Etw,Hyak Common,NA,NA,NA,client,FALSE,,,active,FALSE,,
Hyak.Common.Tracing.Log4Net,1.0.2,,Hyak Common - Tracing Log4Net,Hyak Common,NA,NA,NA,client,FALSE,,,active,FALSE,,
Microsoft.Azure.CognitiveServices.Search.ImageSearch,2.0.0,,Image Search,Image Search,NA,NA,NA,client,FALSE,,,active,,,
Microsoft.InformationProtection.File,1.7.147,,Information Protection,Information Protection,NA,NA,NA,client,FALSE,,,active,,,
Azure.AI.InkRecognizer,,1.0.0-preview.1,Ink Recognizer,Ink Recognizer,NA,NA,NA,client,FALSE,,,,TRUE,,Package project cancelled
Microsoft.Azure.Insights,,0.16.0-preview,Insights,Insights,NA,NA,NA,client,FALSE,,,,,,
Microsoft.Azure.Jobs,,0.3.2-beta,Jobs,WebJobs,https://github.com/Azure/azure-webjobs-sdk,NA,NA,client,FALSE,,,,,,
Microsoft.Azure.Jobs.Core,,0.3.2-beta,Jobs - Core,WebJobs,https://github.com/Azure/azure-webjobs-sdk,NA,NA,client,FALSE,,,,,,
Microsoft.Azure.Jobs.ServiceBus,,0.3.2-beta,Jobs - Service Bus,WebJobs,https://github.com/Azure/azure-webjobs-sdk,NA,NA,client,FALSE,,,,,,
Microsoft.Azure.KeyVault,3.0.5,,Key Vault,Key Vault,keyvault,NA,,client,FALSE,,,maintenance,,"Azure.Security.KeyVault.Keys, Azure.Security.KeyVault.Secrets, Azure.Security.KeyVault.Certificates",
Microsoft.Azure.KeyVault.Core,3.0.5,,Key Vault - Core,Storage,keyvault,NA,,client,FALSE,,,maintenance,,"Azure.Security.KeyVault.Keys, Azure.Security.KeyVault.Secrets, Azure.Security.KeyVault.Certificates",
Microsoft.Azure.KeyVault.Cryptography,3.0.5,,Key Vault - Cryptography,Key Vault,keyvault,NA,,client,FALSE,,,maintenance,,"Azure.Security.KeyVault.Keys, Azure.Security.KeyVault.Secrets, Azure.Security.KeyVault.Certificates",
Microsoft.Azure.KeyVault.Extensions,3.0.5,,Key Vault - Extensions,Key Vault,keyvault,NA,,client,FALSE,,,maintenance,,"Azure.Security.KeyVault.Keys, Azure.Security.KeyVault.Secrets, Azure.Security.KeyVault.Certificates",
Microsoft.Azure.KeyVault.WebKey,3.0.5,,Key Vault - WebKey,Key Vault,keyvault,NA,,client,FALSE,,,maintenance,,"Azure.Security.KeyVault.Keys, Azure.Security.KeyVault.Secrets, Azure.Security.KeyVault.Certificates",
Microsoft.Azure.Kinect.BodyTracking,1.0.1,,Kinect Developer Kit,Kinect Developer Kit,NA,NA,NA,client,FALSE,,,active,,,
Microsoft.Azure.Kinect.Sensor,1.4.1,,Kinect Developer Kit,Kinect Developer Kit,https://github.com/Microsoft/Azure-Kinect-Sensor-SDK,NA,NA,client,FALSE,,,active,,,
Microsoft.Azure.Kusto.Data,9.0.6,,Kusto,Data Explorer,NA,NA,NA,client,FALSE,,,active,,,
Microsoft.Azure.CognitiveServices.Search.LocalSearch,,0.9.0-preview,Local Search,Local Search,NA,NA,NA,client,FALSE,,,,,,
Microsoft.Azure.CognitiveServices.Language.LUIS.Authoring,3.1.0,3.2.0-preview.4,LUIS - Authoring,Language Understanding,https://github.com/Azure/azure-sdk-for-net/tree/Microsoft.Azure.CognitiveServices.Language.LUIS.Authoring_3.2.0-preview.3/sdk/cognitiveservices/Language.LUIS.Authoring,NA,,client,FALSE,,8/30/2019,active,,,
Microsoft.Azure.CognitiveServices.Language.LUIS.Runtime,,3.1.0-preview.1,LUIS Runtime,Language Understanding,https://github.com/Azure/azure-sdk-for-net/tree/Microsoft.Azure.CognitiveServices.Language.LUIS.Runtime_3.1.0-preview.1/sdk/cognitiveservices/Language.LUIS.Runtime,NA,,client,FALSE,,,,,,
Microsoft.Azure.Media.LiveVideoAnalytics.Edge,,1.0.4-preview.1,Media Live Video Analytics Edge,Media Services,https://github.com/Azure/azure-sdk-for-net/tree/master/sdk/mediaservices/Microsoft.Azure.Media.LiveVideoAnalytics.Edge,NA,,client,FALSE,,,,,,
Microsoft.Azure.Amqp,2.4.13,,Microsoft.Azure.Amqp,Microsoft.Azure.Amqp,NA,NA,NA,client,FALSE,,,active,,,
Microsoft.Azure.Devices,1.31.0,,Microsoft.Azure.Devices,Microsoft.Azure.Devices,NA,NA,NA,client,FALSE,,,active,,,
Microsoft.Azure.Devices.Client.PCL,1.0.16,,Microsoft.Azure.Devices.Client.PCL,Microsoft.Azure.Devices.Client.PCL,NA,NA,NA,client,FALSE,,,active,,,
Microsoft.Azure.Devices.DigitalTwin.Client,,1.0.0-preview-001,Microsoft.Azure.Devices.DigitalTwin.Client,Microsoft.Azure.Devices.DigitalTwin.Client,NA,NA,NA,client,FALSE,,,,,,
Microsoft.Azure.Devices.DigitalTwin.Service,,1.0.0-preview-001,Microsoft.Azure.Devices.DigitalTwin.Service,Microsoft.Azure.Devices.DigitalTwin.Service,NA,NA,NA,client,FALSE,,,,,,
Microsoft.Azure.Devices.ProtocolGateway.Core,2.0.1,,Microsoft.Azure.Devices.ProtocolGateway.Core,Microsoft.Azure.Devices.ProtocolGateway.Core,NA,NA,NA,client,FALSE,,,active,,,
Microsoft.Azure.Devices.ProtocolGateway.IotHubClient,2.0.1,,Microsoft.Azure.Devices.ProtocolGateway.IotHubClient,Microsoft.Azure.Devices.ProtocolGateway.IotHubClient,NA,NA,NA,client,FALSE,,,active,,,
Microsoft.Azure.Devices.ProtocolGateway.Providers.CloudStorage,2.0.1,,Microsoft.Azure.Devices.ProtocolGateway.Providers.CloudStorage,Microsoft.Azure.Devices.ProtocolGateway.Providers.CloudStorage,NA,NA,NA,client,FALSE,,,active,,,
Microsoft.Azure.Devices.Provisioning.Client,,1.17.0-preview-001,Microsoft.Azure.Devices.Provisioning.Client,Microsoft.Azure.Devices.Provisioning.Client,NA,NA,NA,client,FALSE,,,,,,
Microsoft.Azure.Devices.Provisioning.Security.Tpm,,1.13.0-preview-001,Microsoft.Azure.Devices.Provisioning.Security.Tpm,Microsoft.Azure.Devices.Provisioning.Security.Tpm,NA,NA,NA,client,FALSE,,,,,,
Microsoft.Azure.Devices.Provisioning.Service,,1.17.0-preview-001,Microsoft.Azure.Devices.Provisioning.Service,Microsoft.Azure.Devices.Provisioning.Service,NA,NA,NA,client,FALSE,,,,,,
Microsoft.Azure.Devices.Provisioning.Transport.Amqp,,1.14.0-preview-001,Microsoft.Azure.Devices.Provisioning.Transport.Amqp,Microsoft.Azure.Devices.Provisioning.Transport.Amqp,NA,NA,NA,client,FALSE,,,,,,
Microsoft.Azure.Devices.Provisioning.Transport.Http,,1.13.0-preview-001,Microsoft.Azure.Devices.Provisioning.Transport.Http,Microsoft.Azure.Devices.Provisioning.Transport.Http,NA,NA,NA,client,FALSE,,,,,,
Microsoft.Azure.Devices.Provisioning.Transport.Mqtt,1.14.0,1.14.0-preview-001,Microsoft.Azure.Devices.Provisioning.Transport.Mqtt,Microsoft.Azure.Devices.Provisioning.Transport.Mqtt,NA,NA,NA,client,FALSE,,,active,,,
Microsoft.Azure.Devices.Shared,1.27.0,,Microsoft.Azure.Devices.Shared,Microsoft.Azure.Devices.Shared,NA,NA,NA,client,FALSE,,,active,,,
Microsoft.Azure.Functions.Worker,1.0.0,1.0.0-preview5,Microsoft.Azure.Functions.Worker,Microsoft.Azure.Functions.Worker,NA,NA,NA,client,FALSE,,,active,,,
Microsoft.Azure.Functions.Worker.Sdk,1.0.1,1.0.1-preview5,Microsoft.Azure.Functions.Worker.Sdk,Microsoft.Azure.Functions.Worker.Sdk,NA,NA,NA,client,FALSE,,,active,,,
Microsoft.Azure.uamqp,1.2.11,,Microsoft.Azure.uamqp,Microsoft.Azure.uamqp,NA,NA,NA,client,FALSE,,,active,,,
Microsoft.Azure.umqtt,1.1.11,,Microsoft.Azure.umqtt,Microsoft.Azure.umqtt,NA,NA,NA,client,FALSE,,,active,,,
Microsoft.Azure.Mobile.Server,2.0.3,,Mobile Apps,Mobile Apps,NA,NA,NA,client,FALSE,,,active,,,
Microsoft.Azure.Mobile.Server.CrossDomain,2.0.3,,Mobile Server - Cross Domain,App Service,NA,NA,NA,client,FALSE,,,active,,,
Microsoft.WindowsAzure.Mobile.Service.ResourceBroker,1.0.2.1,,Mobile Service - Resource Broker,App Service,NA,NA,NA,client,FALSE,,,active,,,
Microsoft.Azure.CognitiveServices.Search.NewsSearch,2.0.0,,News Search,News Search,NA,NA,NA,client,FALSE,,,active,,,
Microsoft.Azure.NotificationHubs,4.1.0,,Notification Hubs,Notification Hubs,https://github.com/Azure/azure-notificationhubs-dotnet,NA,NA,client,FALSE,,,active,,,
Microsoft.Azure.OperationalInsights,1.0.0,,Operational Insights,Operational Insights,https://github.com/Azure/azure-sdk-for-net/tree/master/sdk/operationalinsights/Microsoft.Azure.OperationalInsights,NA,,client,FALSE,,,active,,,
dotnet-Perks.CodeGen,2.0.1,,Perks CodeGen,Perks CodeGen,NA,NA,NA,client,FALSE,,,,TRUE,,
Microsoft.Azure.CognitiveServices.Personalizer,1.0.0,,Personalizer,Personalizer,https://github.com/Azure/azure-sdk-for-net/tree/Microsoft.Azure.CognitiveServices.Personalizer_1.0.0/sdk/cognitiveservices/Personalizer,NA,NA,client,FALSE,,,active,,,
Microsoft.PowerBI.Api,3.20.1,,Power BI,Power BI,https://github.com/Microsoft/PowerBI-CSharp,NA,NA,client,FALSE,,,active,,,
Microsoft.Azure.CognitiveServices.Knowledge.QnAMaker,2.0.1,3.0.0-preview.1,QnA Maker,QnA Maker,https://github.com/Azure/azure-sdk-for-net/tree/Microsoft.Azure.CognitiveServices.Knowledge.QnAMaker_2.0.1/sdk/cognitiveservices/Knowledge.QnAMaker,NA,,client,FALSE,,,active,,,
Microsoft.Azure.Relay,2.0.15234,,Relay,Relay,https://github.com/Azure/azure-relay-dotnet/tree/2.0.1,https://docs.microsoft.com/dotnet/api/overview/azure/service-bus-relay,NA,client,FALSE,,,active,,,
Microsoft.Azure.RemoteRendering,0.1.61,,Remote Rendering,Remote Rendering,NA,NA,NA,client,FALSE,,,,TRUE,,Package looks like it doesn't exist anymore
Microsoft.Azure.Search,10.1.0,,Search,Search,search,NA,,client,FALSE,,,maintenance,,Azure.Search.Documents,
Microsoft.Azure.Search.Common,10.1.0,,Search - Common,Search,search,NA,,client,FALSE,,,active,,,
Microsoft.Azure.Search.Data,10.1.0,,Search - Data,Search,search,NA,,client,FALSE,,,active,,,
Microsoft.Azure.Search.Service,10.1.0,,Search - Service,Search,search,NA,,client,FALSE,,,active,,,
Microsoft.Azure.ServiceBus,5.1.2,,Service Bus,Service Bus,servicebus,,,client,FALSE,,,active,,Azure.Messaging.ServiceBus,
Microsoft.Azure.ServiceBus.MessageIdPlugin,2.0.0,,Service Bus - Message ID plugin,Service Bus,NA,NA,NA,client,FALSE,,,active,,,
Microsoft.Azure.SignalR,1.8.0,,SignalR,SignalR,https://github.com/Azure/azure-signalr/tree/v1.5.0/src/Microsoft.Azure.SignalR,NA,NA,client,FALSE,,,active,,,
Microsoft.Azure.SignalR.AspNet,1.8.0,,SignalR - ASP.NET,SignalR,https://github.com/Azure/azure-signalr/tree/v1.5.0/src/Microsoft.Azure.SignalR.AspNet,NA,NA,client,FALSE,,,active,,,
Microsoft.Azure.SignalR.Benchmark,,1.0.0-preview1-10415,SignalR - Benchmark,SignalR,https://github.com/azure/azure-signalr-bench,NA,NA,client,FALSE,,,,,,
Microsoft.Azure.SignalR.Protocols,1.8.0,,SignalR - Protocols,SignalR,https://github.com/Azure/azure-signalr/tree/v1.5.0/src/Microsoft.Azure.SignalR.Protocols,NA,NA,client,FALSE,,,active,,,
Microsoft.Azure.SignalR.Serverless.Protocols,1.3.0,,SignalR - Serverless Protocols,SignalR,https://github.com/Azure/azure-functions-signalrservice-extension/tree/v1.2.0/src/Microsoft.Azure.SignalR.Serverless.Protocols,NA,NA,client,FALSE,,,active,,,
Microsoft.CognitiveServices.Speech,1.16.0,,Speech,Speech,NA,NA,NA,client,FALSE,,,active,,,
Microsoft.CognitiveServices.Speech.Remoteconversation,1.16.0,,Speech Remoteconversation,Speech,NA,NA,NA,client,FALSE,,,active,,,
Microsoft.CognitiveServices.Speech.Xamarin.iOS,1.16.0,,Speech Xamarin iOS,Speech,NA,NA,NA,client,FALSE,,,active,,,
Microsoft.Azure.CognitiveServices.Language.SpellCheck,,4.1.0-preview.1,Spell Check,Spell Check,https://github.com/Azure/azure-sdk-for-net/tree/Microsoft.Azure.CognitiveServices.Language.SpellCheck_4.1.0-preview.1/sdk/cognitiveservices/Language.SpellCheck,NA,,client,FALSE,,,,,,
Microsoft.Azure.SpringCloud.Client,,2.0.0-preview.1,Spring Cloud Client,Spring Cloud,NA,NA,NA,client,FALSE,,,,,,
Microsoft.Azure.SqlDatabase.ElasticScale.Client,2.3.0,,SQL Database Elastic Scale Client,SQL Database,https://github.com/Azure/elastic-db-tools/tree/v2.3.0/Src/ElasticScale.Client,NA,NA,client,FALSE,,,active,,,
Microsoft.Azure.SqlDatabase.ElasticScale.Service.SplitMerge,1.2.0,,SQL Database Elastic Scale Service SplitMerge,SQL Database,NA,NA,NA,client,FALSE,,,active,,,
Microsoft.Azure.SqlDatabase.Jobs,0.8.3362.1,,SQL Database Jobs,SQL Database,NA,NA,NA,client,FALSE,,,,,,
Microsoft.Azure.Storage.Blob,11.2.2,,Storage - Blobs,Storage,https://github.com/Azure/azure-storage-net/tree/master/Blob,NA,NA,client,FALSE,,,maintenance,,Azure.Storage.Blobs,
Azure.Storage.Blobs.Batching,,12.0.0-preview.4,Storage - Blobs Batching,Storage,NA,NA,NA,client,FALSE,,,,TRUE,,Renamed to Azure.Storage.Blobs.Batch before GA
Microsoft.Azure.Storage.Common,11.2.2,,Storage - Common,Storage,NA,NA,NA,client,FALSE,,,,TRUE,,
Microsoft.Azure.Storage.CPP,5.0.0,,Storage - CPP,Storage,NA,NA,NA,client,FALSE,,,,TRUE,,
Microsoft.Azure.Storage.CPP.v120,5.0.0,,Storage - CPP v120,Storage,NA,NA,NA,client,FALSE,,,,TRUE,,
Microsoft.Azure.Storage.CPP.v140,5.0.0,,Storage - CPP v140,Storage,NA,NA,NA,client,FALSE,,,,TRUE,,
Microsoft.Azure.Storage.DataMovement,2.0.1,,Storage - Data Movement,Storage,https://github.com/Azure/azure-storage-net-data-movement/tree/v1.3.0,NA,NA,client,FALSE,,,active,,,
Azure.Storage.Files,,12.0.0-preview.4,Storage - Files,Storage,NA,NA,NA,client,FALSE,,,,TRUE,,Renamed before shipping GA
Microsoft.Azure.Storage.File,11.2.2,,Storage - Files Shares,Storage,https://github.com/Azure/azure-storage-net/tree/master/File,NA,NA,client,FALSE,,,maintenance,,Azure.Storage.Files.Shares,
Microsoft.Azure.Storage.Queue,11.2.2,,Storage - Queues,Storage,https://github.com/Azure/azure-storage-net/tree/master/Queue,NA,NA,client,FALSE,,,maintenance,,Azure.Storage.Queues,
Microsoft.Azure.Synapse,,0.1.0-preview,Synapse,Synapse Analytics,synapse,NA,,client,FALSE,,,,,,
Microsoft.Azure.Cosmos.Table,,2.0.0-preview,Tables,Tables,NA,NA,NA,client,FALSE,,,,,,
Microsoft.Azure.CosmosDB.Table,2.1.2,,Tables,Tables,NA,NA,NA,client,FALSE,,,active,,Azure.Data.Tables,
Microsoft.Azure.Template,,1.0.2-preview1,Template,Template,NA,NA,NA,client,FALSE,,,,,,
Microsoft.Azure.Test.HttpRecorder,1.13.3,,Test HttpRecorder,App Service,https://github.com/Azure/azure-sdk-for-net/tree/master/sdk/mgmtcommon/TestFramework/Microsoft.Azure.Test.HttpRecorder,NA,NA,client,FALSE,,,active,,,
Microsoft.Azure.CognitiveServices.Language.TextAnalytics,,4.1.0-preview.2,Text Analytics,Text Analytics,https://github.com/Azure/azure-sdk-for-net/tree/Microsoft.Azure.CognitiveServices.Language.TextAnalytics_4.1.0-preview.2/sdk/cognitiveservices/Language.TextAnalytics,NA,,client,FALSE,,,,,Azure.AI.TextAnalytics,
Microsoft.Azure.CognitiveServices.Search.VideoSearch,2.0.0,,Video Search,Video Search,NA,NA,NA,client,FALSE,,,maintenance,,,
Microsoft.Azure.CognitiveServices.Vision.ContentModerator,,2.1.0-preview.1,Vision Content Moderator,Content Moderator,https://github.com/Azure/azure-sdk-for-net/tree/Microsoft.Azure.CognitiveServices.Vision.ContentModerator_2.1.0-preview.1/sdk/cognitiveservices/Vision.ContentModerator,NA,,client,FALSE,,,,,,
Microsoft.Azure.CognitiveServices.Search.VisualSearch,2.0.0,,Visual Search,Visual Search,NA,NA,NA,client,FALSE,,,maintenance,,,
wastorage,4.0.0,,Wastorage,Storage,NA,NA,NA,client,FALSE,,,maintenance,,,
wastorage.redist,2.0.0,,Wastorage - Redist,Storage,NA,NA,NA,client,FALSE,,,maintenance,,,
wastorage.symbols,2.0.0,,Wastorage - Symbols,Storage,NA,NA,NA,client,FALSE,,,maintenance,TRUE,,
wastorage.v120,4.0.0,,Wastorage V120,Storage,NA,NA,NA,client,FALSE,,,maintenance,TRUE,,
wastorage.v140,4.0.0,,Wastorage V140,Storage,NA,NA,NA,client,FALSE,,,maintenance,TRUE,,
Microsoft.Web.RedisOutputCacheProvider,3.0.1,,Web - Redis Output Cache Provider,Redis Cache,https://github.com/Azure/aspnet-redis-providers/tree/NuGet-Release/RedisOutputCacheProvider-3.0.1/src/OutputCacheProvider,NA,NA,client,FALSE,,,active,,,
Microsoft.Web.RedisSessionStateProvider,4.0.1,,Web - Redis Session State Provider,Redis Cache,https://github.com/Azure/aspnet-redis-providers/tree/NuGet-Release/RedisSessionStateProvider-4.0.1/src/RedisSessionStateProvider,NA,NA,client,FALSE,,,active,,,
Microsoft.Azure.CognitiveServices.Search.WebSearch,2.0.0,,Web Search,Web Search,NA,NA,NA,client,FALSE,,,maintenance,,,
Microsoft.Azure.WebJobs,3.0.27,,WebJobs,WebJobs,https://github.com/Azure/azure-webjobs-sdk/tree/v3.0.18/src/Microsoft.Azure.WebJobs,NA,NA,client,FALSE,,,active,,,
Microsoft.Azure.WebJobs.Core,3.0.27,,WebJobs - Core,WebJobs,https://github.com/Azure/azure-webjobs-sdk/tree/v3.0.18,NA,NA,client,FALSE,,,active,,,
Microsoft.Azure.WebJobs.Host.Storage,4.0.1,,WebJobs - Host Storage,WebJobs,https://github.com/Azure/azure-webjobs-sdk/tree/storage-v4.0.1/src/Microsoft.Azure.WebJobs.Host.Storage,NA,NA,client,FALSE,,,active,,,
Microsoft.Azure.WebJobs.Host.TestCommon,3.0.27,,WebJobs - Host Test Common,WebJobs,https://github.com/Azure/azure-webjobs-sdk,NA,NA,client,FALSE,,,active,,,
Microsoft.Azure.WebJobs.ItemTemplates,3.1.1728,,WebJobs - Item Templates,WebJobs,https://github.com/Azure/azure-functions-templates/tree/3.1.1582,NA,NA,client,FALSE,,,active,,,
Microsoft.Azure.WebJobs.Logging,4.0.2,,WebJobs - Logging,WebJobs,https://github.com/Azure/azure-webjobs-sdk/tree/dev/src/Microsoft.Azure.WebJobs.Logging,NA,NA,client,FALSE,,,active,,,
Microsoft.Azure.WebJobs.Logging.ApplicationInsights,3.0.27,,WebJobs - Logging Application Insights,WebJobs,https://github.com/Azure/azure-webjobs-sdk/tree/v3.0.18/src/Microsoft.Azure.WebJobs.Logging.ApplicationInsights,NA,NA,client,FALSE,,,active,,,
Microsoft.Azure.WebJobs.ProjectTemplates,3.1.1728,,WebJobs - Project Templates,WebJobs,https://github.com/Azure/azure-functions-templates/tree/3.1.1582,NA,NA,client,FALSE,,,active,,,
Microsoft.Azure.WebJobs.Script.WebHost,,1.0.0-beta3,WebJobs - Scrip Web Host,WebJobs,https://github.com/Azure/azure-functions-host/tree/dev/src/WebJobs.Script.WebHost,NA,NA,client,FALSE,,,,,,
Microsoft.Azure.WebJobs.Script,,1.0.0-beta3,WebJobs - Script,WebJobs,https://github.com/Azure/azure-functions-host/tree/dev/src/WebJobs.Script,NA,NA,client,FALSE,,,,,,
Microsoft.Azure.WebJobs.Script.Abstractions,,1.0.0-preview,WebJobs - Script Abstractions,WebJobs,NA,NA,NA,client,FALSE,,,,,,
Microsoft.Azure.WebJobs.Script.Extensibility,,1.0.0-beta3,WebJobs - Script Extensibility,WebJobs,https://github.com/Azure/azure-functions-host,NA,NA,client,FALSE,,,,,,
Microsoft.Azure.WebJobs.Script.ExtensionsMetadataGenerator,1.2.1,,WebJobs - Script Extensions Metadata Generator,WebJobs,https://github.com/Azure/azure-functions-host,NA,NA,client,FALSE,,,active,,,
Microsoft.Azure.WebJobs.ServiceBus,,3.0.0-beta8,WebJobs - Service Bus,WebJobs,https://github.com/Azure/azure-webjobs-sdk/tree/v3.0.0-beta8/src/Microsoft.Azure.WebJobs.ServiceBus,NA,NA,client,FALSE,,,,,,
Microsoft.Azure.WebJobs.Sources,3.0.27,,WebJobs - Sources,WebJobs,https://github.com/Azure/azure-webjobs-sdk,NA,NA,client,FALSE,,,active,,,
Microsoft.Azure.WebJobs.Extensions,4.0.1,,WebJobs Extensions,WebJobs,https://github.com/Azure/azure-webjobs-sdk-extensions/tree/dev/src/WebJobs.Extensions,NA,NA,client,FALSE,,,active,,,
Microsoft.Azure.WebJobs.Extensions.ApiHub,,1.0.0-beta9,WebJobs Extensions - API Hub,WebJobs,https://github.com/Azure/azure-webjobs-sdk-extensions,NA,NA,client,FALSE,,,,,,
Microsoft.Azure.WebJobs.Extensions.AuthTokens,,1.0.0-beta6,WebJobs Extensions - Auth Tokens,WebJobs,https://github.com/Azure/azure-webjobs-sdk-extensions,NA,NA,client,FALSE,,,,,,
Microsoft.Azure.WebJobs.Extensions.CosmosDB,3.0.10,,WebJobs Extensions - Cosmos DB,WebJobs,https://github.com/Azure/azure-webjobs-sdk-extensions/tree/cosmos-v3.0.7/src/WebJobs.Extensions.CosmosDB,NA,NA,client,FALSE,,,active,,,
Microsoft.Azure.WebJobs.Extensions.DocumentDB,1.3.0,,WebJobs Extensions - Document DB,WebJobs,https://github.com/Azure/azure-webjobs-sdk-extensions,NA,NA,client,FALSE,,,active,,,
Microsoft.Azure.WebJobs.Extensions.DurableTask,2.4.3,,WebJobs Extensions - Durable Task,WebJobs,https://github.com/Azure/azure-functions-durable-extension/tree/v2.2.2/src/WebJobs.Extensions.DurableTask,https://docs.microsoft.com/dotnet/api/overview/azure/functions,NA,client,FALSE,,,active,,,
Microsoft.Azure.WebJobs.Extensions.DurableTask.Analyzers,0.4.0,,WebJobs Extensions - Durable Task Analyzers,WebJobs,https://github.com/Azure/azure-functions-durable-extension/tree/Analyzer-v0.3.0/src/WebJobs.Extensions.DurableTask.Analyzers,NA,NA,client,FALSE,,,,,,
Microsoft.Azure.WebJobs.Extensions.EdgeHub,1.0.7,,WebJobs Extensions - Edge Hub,WebJobs,https://github.com/Azure/iotedge/tree/1.0.7/edge-hub,NA,NA,client,FALSE,,,active,,,
Microsoft.Azure.WebJobs.Extensions.EventGrid,2.1.0,3.0.0-beta.1,WebJobs Extensions - Event Grid,WebJobs,https://github.com/Azure/azure-functions-eventgrid-extension/tree/v2.1.0/src/EventGridExtension,NA,NA,client,FALSE,,,active,,,
Microsoft.Azure.WebJobs.Extensions.EventHubs,4.2.0,5.0.0-beta.4,WebJobs Extensions - Event Hubs,WebJobs,https://github.com/Azure/azure-webjobs-sdk-extensions,NA,NA,client,FALSE,,,active,,,
Microsoft.Azure.WebJobs.Extensions.Http,3.0.12,,WebJobs Extensions - Http,WebJobs,https://github.com/Azure/azure-webjobs-sdk-extensions/tree/v3.0.2/src/WebJobs.Extensions.Http,NA,NA,client,FALSE,,,active,,,
Microsoft.Azure.WebJobs.Extensions.Kafka,3.3.2,,WebJobs Extensions - Kafka,WebJobs,https://github.com/Azure/azure-functions-kafka-extension/tree/3.0.0/src/Microsoft.Azure.WebJobs.Extensions.Kafka,NA,NA,client,FALSE,,,active,,,
Microsoft.Azure.WebJobs.Extensions.MicrosoftGraph,,1.0.0-beta6,WebJobs Extensions - Microsoft Graph,WebJobs,https://github.com/Azure/azure-functions-microsoftgraph-extension,NA,NA,client,FALSE,,,,,,
Microsoft.Azure.WebJobs.Extensions.MobileApps,,3.0.0-beta8,WebJobs Extensions - Mobile Apps,WebJobs,https://github.com/Azure/azure-webjobs-sdk-extensions/tree/v3.0.0-beta8/src/WebJobs.Extensions.MobileApps,NA,NA,client,FALSE,,,,,,
Microsoft.Azure.WebJobs.Extensions.NotificationHubs,1.3.0,,WebJobs Extensions - Notification Hubs,WebJobs,https://github.com/Azure/azure-webjobs-sdk-extensions,NA,NA,client,FALSE,,,active,,,
Microsoft.Azure.WebJobs.Extensions.OpenApi,,0.5.1-preview,WebJobs Extensions - OpenAPI,Functions,NA,NA,NA,client,FALSE,,,,,,
Microsoft.Azure.WebJobs.Extensions.OpenApi.Configuration.AppSettings,,0.5.1-preview,WebJobs Extensions - OpenAPI Configuration AppSettings,Functions,NA,NA,NA,client,FALSE,,,,,,
Microsoft.Azure.WebJobs.Extensions.OpenApi.Core,,0.5.1-preview,WebJobs Extensions - OpenAPI Core,Functions,NA,NA,NA,client,FALSE,,,,,,
Microsoft.Azure.WebJobs.Extensions.RabbitMQ,1.0.0,1.0.0-beta,WebJobs Extensions - RabbitMQ,WebJobs,https://github.com/Azure/azure-functions-rabbitmq-extension/tree/v0.2.2029-beta,NA,NA,client,FALSE,,,active,,,
Microsoft.Azure.WebJobs.Extensions.SendGrid,3.0.2,,WebJobs Extensions - SendGrid,WebJobs,https://github.com/Azure/azure-webjobs-sdk-extensions/tree/v3.0.0/src/WebJobs.Extensions.SendGrid,NA,NA,client,FALSE,,,active,,,
Microsoft.Azure.WebJobs.Extensions.ServiceBus,4.2.1,5.0.0-beta.1,WebJobs Extensions - Service Bus,WebJobs,https://github.com/Azure/azure-functions-servicebus-extension/tree/v4.1.2,NA,NA,client,FALSE,,,active,,,
Microsoft.Azure.WebJobs.Extensions.SignalRService,1.3.0,,WebJobs Extensions - SignalR Service,WebJobs,https://github.com/Azure/azure-functions-signalrservice-extension/tree/v1.2.0/src/SignalRServiceExtension,NA,NA,client,FALSE,,,active,,,
Microsoft.Azure.WebJobs.Extensions.Storage,4.0.3,5.0.0-beta.3,WebJobs Extensions - Storage,WebJobs,https://github.com/Azure/azure-webjobs-sdk/tree/master/src/Microsoft.Azure.WebJobs.Extensions.Storage,NA,NA,client,FALSE,,,active,,,
Microsoft.Azure.WebJobs.Extensions.Storage.Blobs,,5.0.0-beta.3,WebJobs Extensions - Storage Blobs,Functions,NA,,,client,FALSE,,,,,,
Microsoft.Azure.WebJobs.Extensions.Storage.Queues,,5.0.0-beta.3,WebJobs Extensions - Storage Queues,Functions,NA,,,client,FALSE,,,,,,
Microsoft.Azure.WebJobs.Extensions.Twilio,3.0.2,,WebJobs Extensions - Twilio,WebJobs,https://github.com/Azure/azure-webjobs-sdk-extensions/tree/v3.0.0/src/WebJobs.Extensions.Twilio,NA,NA,client,FALSE,,,active,,,
Microsoft.Azure.WebJobs.Extensions.WebHooks,,1.0.0-beta4,WebJobs Extensions - WebHooks,WebJobs,https://github.com/Azure/azure-webjobs-sdk-extensions,NA,NA,client,FALSE,,,,,,
Microsoft.Azure.WebSites.DataProtection,,0.1.78-alpha,WebSites - DataProtection,App Service,NA,NA,NA,client,FALSE,,,,,,
Microsoft.WindowsAzure.Caching,2.9.5,,WindowsAzure Caching,Redis Cache,NA,NA,NA,client,FALSE,,,retired,TRUE,,
WindowsAzure.Caching,1.7.0,,WindowsAzure Caching,Redis Cache,NA,NA,NA,client,FALSE,,,retired,TRUE,,
Microsoft.WindowsAzure.Caching.MemcacheShim,2.9.5,,WindowsAzure Caching - Memcache Shim,Redis Cache,NA,NA,NA,client,FALSE,,,retired,TRUE,,
Microsoft.WindowsAzure.Common,1.4.1,,WindowsAzure Common,Common,NA,NA,NA,client,FALSE,,,maintenance,,,
Microsoft.WindowsAzure.Common.Dependencies,1.1.1,,WindowsAzure Common - Dependencies,Common,NA,NA,NA,client,FALSE,,,maintenance,,,
Microsoft.WindowsAzure.Common.Tracing.Etw,1.0.0,,WindowsAzure Common - Tracing ETW,Common,NA,NA,NA,client,FALSE,,,maintenance,,,
Microsoft.WindowsAzure.Common.Tracing.Log4Net,1.0.0,,WindowsAzure Common - Tracing Log4Net,Common,NA,NA,NA,client,FALSE,,,maintenance,,,
Microsoft.WindowsAzure.ConfigurationManager,3.2.3,,WindowsAzure Configuration Manager,Configuration Manager,NA,NA,NA,client,FALSE,,,maintenance,,,
windowsazure.mediaservices,4.2.0,,WindowsAzure Media Services,Media Services,https://github.com/Azure/azure-sdk-for-media-services,https://docs.microsoft.com/dotnet/api/overview/azure/media-services,NA,client,FALSE,,,maintenance,,,
WindowsAzure.MobileServices,1.3.2,,WindowsAzure Mobile Services,App Service,NA,NA,NA,client,FALSE,,,retired,,,
WindowsAzure.MobileServices.Backend,1.0.478,,WindowsAzure Mobile Services - Backend,App Service,NA,NA,NA,client,FALSE,,,retired,,,
WindowsAzure.MobileServices.Backend.Entity,1.0.478,,WindowsAzure Mobile Services - Backend Entity,App Service,NA,NA,NA,client,FALSE,,,retired,,,
WindowsAzure.MobileServices.Backend.Mongo,1.0.478,,WindowsAzure Mobile Services - Backend Mongo,App Service,NA,NA,NA,client,FALSE,,,retired,,,
WindowsAzure.MobileServices.Backend.Security,1.0.478,,WindowsAzure Mobile Services - Backend Security,App Service,NA,NA,NA,client,FALSE,,,retired,,,
WindowsAzure.MobileServices.Backend.SignalR,1.0.478,,WindowsAzure Mobile Services - Backend SignalR,App Service,NA,NA,NA,client,FALSE,,,retired,,,
WindowsAzure.MobileServices.Backend.Storage,1.0.478,,WindowsAzure Mobile Services - Backend Storage,App Service,NA,NA,NA,client,FALSE,,,retired,,,
WindowsAzure.MobileServices.Backend.Tables,1.0.478,,WindowsAzure Mobile Services - Backend Tables,App Service,NA,NA,NA,client,FALSE,,,retired,,,
WindowsAzure.MobileServices.SQLiteStore,1.0.4,,WindowsAzure Mobile Services - SQLiteStore,App Service,NA,NA,NA,client,FALSE,,,retired,,,
WindowsAzure.MobileServices.WinJS,,2.0.0-beta,WindowsAzure Mobile Services - WinJS,App Service,NA,NA,NA,client,FALSE,,,,,,
WindowsAzure.ServiceBus,6.0.5,,WindowsAzure Service Bus,Service Bus,NA,NA,NA,client,FALSE,,,maintenance,,,
WindowsAzure.Storage,9.3.3,,WindowsAzure Storage,Storage,https://github.com/Azure/azure-storage-net,NA,NA,client,FALSE,,,maintenance,,"Azure.Storage.Blobs, Azure.Storage.Files.Shares, Azure.Storage.Queues",
WindowsAzure.Storage-PremiumTable,,0.1.0-preview,WindowsAzure Storage - Premium Table,Storage,https://github.com/Azure/azure-storage-net,NA,NA,client,FALSE,,,,,,
WindowsAzure.Storage-Preview,,3.2.0-preview,WindowsAzure Storage - Preview,Storage,https://github.com/Azure/azure-storage-net,NA,NA,client,FALSE,,,,,,
WindowsAzure.Storage.Table-Preview,,3.2.0-preview,WindowsAzure Storage - Table Preview,Storage,https://github.com/Azure/azure-storage-net,NA,NA,client,FALSE,,,,,,
Microsoft.AzureStack.Management,,0.10.8-preview,AzureStack Management,Stack,NA,NA,NA,mgmt,FALSE,,,preview,,,
Microsoft.AzureStack.Management.AzureBridge.Admin,,0.1.0-preview,AzureStack Management - Azure Bridge Admin,Stack,https://github.com/Azure/azure-sdk-for-net/tree/master/sdk/azurestack/Microsoft.AzureStack.Management.AzureBridge.Admin,NA,,mgmt,FALSE,,,preview,,,
Microsoft.AzureStack.Management.Backup.Admin,,0.3.2-preview,AzureStack Management - Backup Admin,Stack,azurestack,NA,,mgmt,FALSE,,,preview,,,
Microsoft.AzureStack.Management.Commerce.Admin,,0.2.0-preview,AzureStack Management - Commerce Admin,Stack,https://github.com/Azure/azure-sdk-for-net/tree/master/sdk/azurestack/Microsoft.AzureStack.Management.Commerce.Admin,NA,,mgmt,FALSE,,,preview,,,
Microsoft.AzureStack.Management.Compute.Admin,,0.3.0-preview,AzureStack Management - Compute Admin,Stack,https://github.com/Azure/azure-sdk-for-net/tree/master/sdk/azurestack/Microsoft.AzureStack.Management.Compute.Admin,NA,,mgmt,FALSE,,,preview,,,
Microsoft.AzureStack.Management.Fabric.Admin,,2.9.1-preview,AzureStack Management - Fabric Admin,Stack,azurestack,NA,NA,mgmt,FALSE,,,preview,,,
Microsoft.AzureStack.Management.Gallery.Admin,,0.1.0-preview,AzureStack Management - Gallery Admin,Stack,https://github.com/Azure/azure-sdk-for-net/tree/master/sdk/azurestack/Microsoft.AzureStack.Management.Gallery.Admin,NA,,mgmt,FALSE,,,preview,,,
Microsoft.AzureStack.Management.InfrastructureInsights.Admin,,0.3.0-preview,AzureStack Management - Infrastructure Insights Admin,Stack,https://github.com/Azure/azure-sdk-for-net/tree/master/sdk/azurestack/Microsoft.AzureStack.Management.InfrastructureInsights.Admin,NA,,mgmt,FALSE,,,preview,,,
Microsoft.AzureStack.Management.KeyVault.Admin,,0.1.0-preview,AzureStack Management - Key Vault Admin,Stack,https://github.com/Azure/azure-sdk-for-net/tree/master/sdk/azurestack/Microsoft.AzureStack.Management.KeyVault.Admin,NA,,mgmt,FALSE,,,preview,,,
Microsoft.AzureStack.Management.Network.Admin,,0.1.0-preview,AzureStack Management - Network Admin,Stack,https://github.com/Azure/azure-sdk-for-net/tree/master/sdk/azurestack/Microsoft.AzureStack.Management.Network.Admin,NA,,mgmt,FALSE,,,preview,,,
Microsoft.AzureStack.Management.Storage,,0.9.2-preview,AzureStack Management - Storage,Stack,NA,NA,NA,mgmt,FALSE,,,preview,,,
Microsoft.AzureStack.Management.Storage.Admin,,2.0.0-preview,AzureStack Management - Storage Admin,Stack,azurestack,NA,NA,mgmt,FALSE,,,preview,,,
Microsoft.AzureStack.Management.Subscription,,0.1.0-preview,AzureStack Management - Subscription,Stack,https://github.com/Azure/azure-sdk-for-net/tree/master/sdk/azurestack/Microsoft.AzureStack.Management.Subscription,NA,,mgmt,FALSE,,,preview,,,
Microsoft.AzureStack.Management.Subscriptions.Admin,,0.2.0-preview,AzureStack Management - Subscriptions Admin,Stack,https://github.com/Azure/azure-sdk-for-net/tree/master/sdk/azurestack/Microsoft.AzureStack.Management.Subscriptions.Admin,NA,,mgmt,FALSE,,,preview,,,
Microsoft.AzureStack.Management.Update.Admin,,0.1.0-preview,AzureStack Management - Update Admin,Stack,https://github.com/Azure/azure-sdk-for-net/tree/master/sdk/azurestack/Microsoft.AzureStack.Management.Update.Admin,NA,,mgmt,FALSE,,,preview,,,
Microsoft.Azure.Management.Advisor,,0.9.5-preview,Management - Advisor,Advisor,https://github.com/Azure/azure-sdk-for-net/tree/master/sdk/advisor/Microsoft.Azure.Management.Advisor,NA,,mgmt,FALSE,,,preview,,,
Microsoft.Azure.Management.AlertsManagement,,0.9.2-preview,Management - Alerts Management,Alert Management,alertsmanagement,NA,NA,mgmt,FALSE,,,preview,,,
Microsoft.Azure.Management.Analysis,2.0.4,,Management - Analysis,Analysis Services,NA,NA,,mgmt,FALSE,,,active,,,
Microsoft.Azure.Management.AnalysisServices.Fluent,,1.9.1-beta,Management - Analysis Services Fluent,Analysis Services,NA,NA,NA,mgmt,FALSE,,,maintanence,,,
Microsoft.Azure.Management.ApiManagement,,6.0.0-preview,Management - API Management,API Management,apimanagement,NA,NA,mgmt,FALSE,,,preview,,,
Microsoft.Azure.Management.AppPlatform,1.0.0,,Management - App Platform,Spring Cloud,appplatform,NA,NA,mgmt,FALSE,,,active,,,
Microsoft.Azure.Management.AppService.Fluent,1.37.1,,Management - App Service Fluent,App Service,NA,https://docs.microsoft.com/dotnet/api/overview/azure/appservice,NA,mgmt,FALSE,,,maintanence,,,
Microsoft.Azure.Management.ApplicationInsights,,0.3.0-preview,Management - Application Insights,Application Insights,applicationinsights,NA,NA,mgmt,FALSE,,,preview,,,
Microsoft.Azure.Management.Attestation,,0.12.0-preview,Management - Attestation,Attestation,attestation,NA,NA,mgmt,FALSE,,,preview,,,
Microsoft.Azure.Management.Authorization,,2.12.0-preview,Management - Authorization,Authorization,authorization,NA,NA,mgmt,FALSE,,,preview,,,
Microsoft.Azure.Management.Automanage,,0.1.0-preview,Management - Automanage,Automanage,NA,NA,NA,mgmt,FALSE,,,preview,,,
Microsoft.Azure.Management.Automation,,3.8.3-preview,Management - Automation,Automation,https://github.com/Azure/azure-sdk-for-net/tree/master/sdk/automation/Microsoft.Azure.Management.Automation,https://docs.microsoft.com/dotnet/api/overview/azure/automation,NA,mgmt,FALSE,,,preview,,,
Microsoft.Azure.Management.AzureStackHCI,1.0.0,1.0.0-preview.1,Management - Azure Stack HCI,Stack HCI,azurestackhci,NA,NA,mgmt,FALSE,,,active,,,
Microsoft.Azure.Management.Avs,1.0.0,1.0.0-preview.1,Management - Azure VMware Solution,VMware Solution,avs,NA,NA,mgmt,FALSE,,,active,,,
Microsoft.Azure.Management.BackupServices,,1.0.5-preview,Management - Backup Services,Backup,NA,NA,NA,mgmt,FALSE,,,preview,,,
Microsoft.Azure.Management.Batch,13.0.0,,Management - Batch,Batch,batch,https://docs.microsoft.com/dotnet/api/overview/azure/batch,NA,mgmt,FALSE,,,active,,,
Microsoft.Azure.Management.BatchAI,2.0.0,,Management - Batch AI,Batch AI,https://github.com/Azure/azure-sdk-for-net/tree/master/sdk/batchai/Microsoft.Azure.Management.BatchAI,https://docs.microsoft.com/dotnet/api/overview/azure/batchai,,mgmt,FALSE,,,active,,,
Microsoft.Azure.Management.BatchAI.Fluent,1.37.1,,Management - Batch AI  Fluent,Batch AI,NA,NA,NA,mgmt,FALSE,,,maintanence,,,
Microsoft.Azure.Management.Batch.Fluent,1.26.1,,Management - Batch Fluent,Batch,NA,NA,NA,mgmt,FALSE,,,maintanence,,,
Microsoft.Azure.Management.Billing,4.1.0,,Management - Billing,Cost Management + Billing,billing,https://docs.microsoft.com/dotnet/api/overview/azure/billing,NA,mgmt,FALSE,,,active,,,
Microsoft.Azure.Management.Billing.Fluent,,1.9.1-beta,Management - Billing Fluent,Cost Management + Billing,NA,NA,NA,mgmt,FALSE,,,maintanence,,,
Microsoft.Azure.Management.Blueprint,,0.20.7-preview,Management - Blueprint,Blueprints,blueprint,NA,NA,mgmt,FALSE,,,preview,,,
Microsoft.Azure.Management.BotService,,0.9.3-preview,Management - Bot Service,Bot Service,https://github.com/Azure/azure-sdk-for-net/tree/master/sdk/botservice/Microsoft.Azure.Management.BotService,NA,,mgmt,FALSE,,,preview,,,
Microsoft.Azure.Management.CognitiveServices,,7.4.0-preview,Management - Cognitive Services,Cognitive Services,cognitiveservices,NA,NA,mgmt,FALSE,,,preview,,,
Microsoft.Azure.Management.CognitiveServices.Fluent,,1.9.1-beta,Management - Cognitive Services Fluent,Cognitive Services,NA,NA,NA,mgmt,FALSE,,,maintanence,,,
Microsoft.Azure.Management.Compute,45.0.0.1,,Management - Compute,Compute,compute,NA,NA,mgmt,FALSE,,,active,,,
Microsoft.Azure.Management.Compute.Fluent,1.37.1,,Management - Compute Fluent,Compute,NA,https://docs.microsoft.com/dotnet/api/overview/azure/virtualmachines,NA,mgmt,FALSE,,,maintanence,,,
Microsoft.Azure.Management.Confluent,1.0.0,,Management - Confluent,Confluent,NA,NA,NA,mgmt,FALSE,,,active,,,
Microsoft.Azure.Management.Consumption,3.0.2,,Management - Consumption,Consumption,https://github.com/Azure/azure-sdk-for-net/tree/master/sdk/consumption/Microsoft.Azure.Management.Consumption,NA,,mgmt,FALSE,,,active,,,
Microsoft.Azure.Management.Consumption.Fluent,,1.9.1-beta,Management - Consumption Fluent,Consumption,NA,NA,NA,mgmt,FALSE,,,maintanence,,,
Microsoft.Azure.Management.ContainerInstance,3.0.0,,Management - Container Instances,Container Instances,containerinstance,NA,NA,mgmt,FALSE,,,active,,,
Microsoft.Azure.Management.ContainerInstance.Fluent,1.37.1,,Management - Container Instances Fluent,Container Instances,NA,https://docs.microsoft.com/dotnet/api/overview/azure/containerinstance,NA,mgmt,FALSE,,,maintanence,,,
Microsoft.Azure.Management.ContainerRegistry,,5.0.0-preview.5,Management - Container Registry,Container Registry,containerregistry,NA,NA,mgmt,FALSE,,,preview,,,
Microsoft.Azure.Management.ContainerRegistry.Fluent,1.37.1,,Management - Container Registry Fluent,Container Registry,NA,NA,NA,mgmt,FALSE,,,maintanence,,,
Microsoft.Azure.Management.ContainerService,1.1.0,,Management - Container Service,Container Service,containerservice,NA,NA,mgmt,FALSE,,,active,,,
Microsoft.Azure.Management.ContainerService.Fluent,1.37.1,,Management - Container Service Fluent,Container Service,NA,NA,NA,mgmt,FALSE,,,maintanence,,,
Microsoft.Azure.Management.Cdn,6.1.0,,Management - Content Delivery Network,Content Delivery Network,cdn,NA,NA,mgmt,FALSE,,,active,,,
Microsoft.Azure.Management.Cdn.Fluent,1.37.1,,Management - Content Delivery Network Fluent,Content Delivery Network,NA,https://docs.microsoft.com/dotnet/api/overview/azure/cdn,NA,mgmt,FALSE,,,maintanence,,,
Microsoft.Azure.Management.CosmosDB,2.0.0,2.1.0-preview,Management - Cosmos DB,Cosmos DB,cosmosdb,NA,NA,mgmt,FALSE,,,active,,,
Microsoft.Azure.Management.CosmosDB.Fluent,1.37.1,,Management - Cosmos DB Fluent,Cosmos DB,NA,NA,NA,mgmt,FALSE,,,maintanence,,,
Microsoft.Azure.Management.CustomerInsights,,0.9.1-preview,Management - Customer Insights,Customer Insights,https://github.com/Azure/azure-sdk-for-net/tree/master/sdk/customer-insights/Microsoft.Azure.Management.CustomerInsights,NA,,mgmt,FALSE,,,preview,,,
Microsoft.Azure.Management.CustomerInsights.Fluent,,1.9.1-beta,Management - Customer Insights  Fluent,Customer Insights,NA,NA,NA,mgmt,FALSE,,,maintanence,,,
Microsoft.Azure.Management.DataBox,1.3.1,,Management - Data Box,Data Box,databox,NA,NA,mgmt,FALSE,,,active,,,
Microsoft.Azure.Management.DataBoxEdge,1.0.0,,Management - Data Box Edge,Stack Edge,databoxedge,NA,NA,mgmt,FALSE,,,active,,,
Microsoft.Azure.Management.DataFactories,4.13.3,,Management - Data Factories,Data Factory,NA,https://docs.microsoft.com/dotnet/api/overview/azure/data-factory,NA,mgmt,FALSE,,,active,,,
Microsoft.Azure.Management.DataFactory,4.17.0,,Management - Data Factory,Data Factory,datafactory,https://docs.microsoft.com/dotnet/api/overview/azure/data-factory,NA,mgmt,FALSE,,,active,,,
Microsoft.Azure.Management.DataLake.Analytics,,3.5.3-preview,Management - Data Lake Analytics,Data Lake Analytics,https://github.com/Azure/azure-sdk-for-net/tree/master/sdk/datalake-analytics/Microsoft.Azure.Management.DataLake.Analytics,https://docs.microsoft.com/dotnet/api/overview/azure/data-lake-analytics,,mgmt,FALSE,,,preview,,,
Microsoft.Azure.Management.DataLake.Store,,2.4.2-preview,Management - Data Lake Storage,Data Lake Storage (Gen 1),https://github.com/Azure/azure-sdk-for-net/tree/master/sdk/datalake-store/Microsoft.Azure.Management.DataLake.Store,https://docs.microsoft.com/dotnet/api/overview/azure/data-lake-store,NA,mgmt,FALSE,,,preview,,,
Microsoft.Azure.Management.DataLake.StoreUploader,,1.0.1-preview,Management - Data Lake Storage Uploader,Data Lake Storage (Gen 1),NA,NA,NA,mgmt,FALSE,,,preview,,,
Microsoft.Azure.Management.DataMigration,,0.11.0-preview,Management - Data Migration,Database Migration Service,datamigration,NA,NA,mgmt,FALSE,,,preview,,,
Microsoft.Azure.Management.DataShare,1.2.0,,Management - Data Share,Data Share,datashare,https://docs.microsoft.com/dotnet/api/overview/azure/datashare,NA,mgmt,FALSE,,,active,,,
Microsoft.Azure.Management.Datadog,0.1.0,,Management - Datadog,Datadog,NA,NA,NA,mgmt,FALSE,,,preview,,,
Microsoft.Azure.Management.DeploymentManager,,0.9.1-preview,Management - Deployment Manager,Deployment Manager,deploymentmanager,NA,NA,mgmt,FALSE,,,preview,,,
Microsoft.Azure.Management.DevSpaces,,0.10.0-preview,Management - Dev Spaces,Dev Spaces,https://github.com/Azure/azure-sdk-for-net/tree/master/sdk/devspaces/Microsoft.Azure.Management.DevSpaces,NA,NA,mgmt,FALSE,,,preview,,,
Microsoft.Azure.Management.DeviceProvisioningServices,2.0.0,,Management - Device Provisioning Services,Device Provisioning Services,https://github.com/Azure/azure-sdk-for-net/tree/master/sdk/deviceprovisioningservices/Microsoft.Azure.Management.DeviceProvisioningServices,NA,NA,mgmt,FALSE,,,active,,,
Microsoft.Azure.Management.Devices.Fluent,,1.9.1-beta,Management - Devices Fluent,Devices,NA,NA,NA,mgmt,FALSE,,,maintanence,,,
Microsoft.Azure.Management.DevTestLabs,3.0.0,,Management - DevTest Labs,DevTest Labs,https://github.com/Azure/azure-sdk-for-net/tree/master/sdk/devtestlabs/Microsoft.Azure.Management.DevTestLabs,NA,,mgmt,FALSE,,,active,,,
Microsoft.Azure.Management.DigitalTwins,1.1.0,,Management - Digital Twins,Digital Twins,digitaltwins,NA,NA,mgmt,FALSE,,,active,,,
Microsoft.Azure.Management.Dns,3.0.1,,Management - DNS,DNS,https://github.com/Azure/azure-sdk-for-net/tree/master/sdk/dns/Microsoft.Azure.Management.Dns,https://docs.microsoft.com/dotnet/api/overview/azure/dns,,mgmt,FALSE,,,active,,,
Microsoft.Azure.Management.Dns.Fluent,1.37.1,,Management - DNS Fluent,DNS,NA,NA,NA,mgmt,FALSE,,,maintanence,,,
Microsoft.Azure.Management.EdgeGateway,,0.8.1-preview,Management - Edge Gateway,Stack Edge,https://github.com/Azure/azure-sdk-for-net/tree/master/sdk/edgegateway/Microsoft.Azure.Management.EdgeGateway,NA,,mgmt,FALSE,,,preview,,,
Microsoft.Azure.Management.EventGrid,6.0.0,6.1.0-preview,Management - Event Grid,Event Grid,eventgrid,https://docs.microsoft.com/dotnet/api/overview/azure/eventgrid,NA,mgmt,FALSE,,,active,,,
Microsoft.Azure.Management.EventHub,,2.8.0-preview,Management - Event Hubs,Event Hubs,https://github.com/Azure/azure-sdk-for-net/tree/master/sdk/eventhub/Microsoft.Azure.Management.EventHub,https://docs.microsoft.com/dotnet/api/overview/azure/event-hubs,NA,mgmt,FALSE,,,preview,,,
Microsoft.Azure.Management.EventHub.Fluent,1.37.1,,Management - Event Hubs Fluent,Event Hubs,NA,NA,NA,mgmt,FALSE,,,maintanence,,,
Microsoft.Azure.Management.Fluent,1.37.1,,Management - Fluent,Fluent,NA,NA,NA,mgmt,FALSE,,,maintanence,,,
Microsoft.Azure.Management.FrontDoor,4.0.0,,Management - Front Door,Front Door,frontdoor,NA,NA,mgmt,FALSE,,,active,,,
Microsoft.Azure.Management.Graph.RBAC.Fluent,1.37.1,,Management - Graph RBAC Fluent,Microsoft Graph,NA,NA,NA,mgmt,FALSE,,,maintanence,,,
Microsoft.Azure.Management.GuestConfiguration,1.4.0,,Management - Guest Configuration,Guest Configuration,guestconfiguration,NA,NA,mgmt,FALSE,,,active,,,
Microsoft.Azure.Management.HDInsight,6.2.0,,Management - HD Insight,HDInsight,hdinsight,https://docs.microsoft.com/dotnet/api/overview/azure/hdinsight,NA,mgmt,FALSE,,,active,,,
Microsoft.Azure.Management.HDInsight.Job,2.0.7,,Management - HD Insight Job,HDInsight,NA,https://docs.microsoft.com/dotnet/api/overview/azure/hdinsight,NA,mgmt,FALSE,,,active,,,
Microsoft.Azure.Management.HealthcareApis,3.0.0,,Management - Health Care APIs,API for FHIR,healthcareapis,NA,NA,mgmt,FALSE,,,active,,,
Microsoft.Azure.Management.HybridCompute,,0.1.0-preview.2,Management - Hybrid Compute,Hybrid Compute,hybridcompute,NA,NA,mgmt,FALSE,,,preview,,,
Microsoft.Azure.Management.HybridData,1.0.1,,Management - Hybrid Data,Hybrid Data,https://github.com/Azure/azure-sdk-for-net/tree/Microsoft.Azure.Management.HybridData_1.0.1/sdk/hybriddatamanager/Microsoft.Azure.Management.HybridDataManager,NA,NA,mgmt,FALSE,,,active,,,
Microsoft.Azure.Management.Intune,,0.2.0-preview,Management - Intune,Intune,NA,NA,NA,mgmt,FALSE,,,preview,,,
Microsoft.Azure.Management.IotCentral,3.1.0,,Management - IoT Central,IoT Central,iotcentral,NA,NA,mgmt,FALSE,,,active,,,
Microsoft.Azure.Management.IotHub,3.0.0,,Management - IoT Hub,IoT Hub,iothub,NA,NA,mgmt,FALSE,,,active,,,
Microsoft.Azure.Management.KeyVault,3.1.0,3.1.0-preview.2,Management - Key Vault,Key Vault,keyvault,NA,NA,mgmt,FALSE,,,active,,,
Microsoft.Azure.Management.KeyVault.Fluent,1.37.1,,Management - Key Vault  Fluent,Key Vault,NA,NA,NA,mgmt,FALSE,,,maintanence,,,
Microsoft.Azure.Management.Kusto,7.0.0,,Management - Kusto,Data Explorer,kusto,NA,NA,mgmt,FALSE,,,active,,,
Microsoft.Azure.Management.LabServices,3.0.0,,Management - Lab Services,Lab Services,https://github.com/Azure/azure-sdk-for-net/tree/master/sdk/labservices/Microsoft.Azure.Management.LabServices,NA,,mgmt,FALSE,,,active,,,
Microsoft.Azure.Management.LocationBasedServices,2.0.0,,Management - Location Based Services,Maps,https://github.com/Azure/azure-sdk-for-net/tree/master/sdk/locationbasedservices/Microsoft.Azure.Management.LocationBasedServices,NA,NA,mgmt,FALSE,,,active,,,
Microsoft.Azure.Management.Locks.Fluent,1.37.1,,Management - Locks Fluent,Locks,NA,NA,NA,mgmt,FALSE,,,maintanence,,,
Microsoft.Azure.Management.Logic,4.1.0,,Management - Logic Apps,Logic Apps,https://github.com/Azure/azure-sdk-for-net/tree/master/sdk/logic/Microsoft.Azure.Management.Logic,NA,,mgmt,FALSE,,,active,,,
Microsoft.Azure.Management.Logic.Fluent,,1.9.1-beta,Management - Logic Apps  Fluent,Logic Apps,NA,NA,NA,mgmt,FALSE,,,maintanence,,,
Microsoft.Azure.Management.MachineLearning,1.0.1,,Management - Machine Learning,Machine Learning,https://github.com/Azure/azure-sdk-for-net/tree/master/sdk/machinelearning/Microsoft.Azure.Management.MachineLearning,NA,,mgmt,FALSE,,,active,,,
Microsoft.Azure.Management.MachineLearningCompute,0.4.0,,Management - Machine Learning Compute,Machine Learning,https://github.com/Azure/azure-sdk-for-net/tree/master/sdk/machinelearningcompute/Microsoft.Azure.Management.MachineLearningCompute,NA,,mgmt,FALSE,,,preview,,,
Microsoft.Azure.Management.MachineLearning.Fluent,,1.9.1-beta,Management - Machine Learning Fluent,Machine Learning,NA,NA,NA,mgmt,FALSE,,,maintanence,,,
Microsoft.Azure.Management.Maintenance,1.2.0,,Management - Maintenance,Maintenance,maintenance,NA,NA,mgmt,FALSE,,,active,,,
Microsoft.Azure.Management.ManagedNetwork,,1.0.1-preview,Management - Managed Network,Managed Network,managednetwork,NA,,mgmt,FALSE,,,preview,,,
Microsoft.Azure.Management.ManagedServiceIdentity,1.0.0,,Management - Managed Service Identity,Managed Service Identity,managedserviceidentity,NA,NA,mgmt,FALSE,,,active,,,
Microsoft.Azure.Management.Msi.Fluent,1.37.1,,Management - Managed Service Identity Fluent,Managed Service Identity,NA,NA,NA,mgmt,FALSE,,,maintanence,,,
Microsoft.Azure.Management.ManagedServices,1.1.0,,Management - Managed Services,Managed Service,managedservices,NA,,mgmt,FALSE,,,active,,,
Microsoft.Azure.Management.ManagementGroups,,1.1.1-preview,Management - Management Groups,Management Groups,https://github.com/Azure/azure-sdk-for-net/tree/master/sdk/managementgroups/Microsoft.Azure.Management.ManagementGroups,NA,,mgmt,FALSE,,,preview,,,
Microsoft.Azure.Management.ManagementPartner,,1.1.1-preview,Management - Management Partner,Management Partner,https://github.com/Azure/azure-sdk-for-net/tree/master/sdk/managementpartner/Microsoft.Azure.Management.ManagementPartner,NA,,mgmt,FALSE,,,preview,,,
Microsoft.Azure.Management.Maps,1.0.2,,Management - Maps,Maps,https://github.com/Azure/azure-sdk-for-net/tree/master/sdk/maps/Microsoft.Azure.Management.Maps,NA,,mgmt,FALSE,,,active,,,
Microsoft.Azure.Management.Marketplace,1.1.0,2.0.0-preview,Management - Marketplace,Marketplace,marketplace,NA,NA,mgmt,FALSE,,,active,,,
Microsoft.Azure.Management.MarketplaceOrdering,1.0.1,,Management - Marketplace Ordering,Marketplace Ordering,https://github.com/Azure/azure-sdk-for-net/tree/master/sdk/marketplaceordering/Microsoft.Azure.Management.MarketplaceOrdering,NA,,mgmt,FALSE,,,active,,,
Microsoft.Azure.Management.Media,3.0.4,,Management - Media Services,Media Services,mediaservices,NA,NA,mgmt,FALSE,,,active,,,
Microsoft.Azure.Management.Migrate.ResourceMover,2.0.0,,Management - Migrate Resource Mover,Resource Mover,NA,NA,NA,mgmt,FALSE,,,active,,,
Microsoft.Azure.Management.MixedReality,3.0.0,,Management - Mixed Reality,Mixed Reality,mixedreality,https://docs.microsoft.com/dotnet/api/overview/azure/mixed-reality,NA,mgmt,FALSE,,,active,,,
Microsoft.Azure.Management.Monitor,,0.25.3-preview,Management - Monitor,Monitor,monitor,NA,NA,mgmt,FALSE,,,preview,,,
Microsoft.Azure.Management.Monitor.Fluent,1.37.1,,Management - Monitor Fluent,Monitor,NA,https://docs.microsoft.com/dotnet/api/overview/azure/monitor,NA,mgmt,FALSE,,,maintanence,,,
Microsoft.Azure.Management.MySQL,,0.1.0-preview,Management - MySQL,Database for MySQL,NA,NA,NA,mgmt,FALSE,,,preview,,,
Microsoft.Azure.Management.NetApp,1.11.0,,Management - NetApp,NetApp Files,netapp,NA,NA,mgmt,FALSE,,,active,,,
Microsoft.Azure.Management.Network,20.4.0,,Management - Network,Virtual Network,network,NA,NA,mgmt,FALSE,,,active,,,
Microsoft.Azure.Management.Network.Fluent,1.37.1,,Management - Network Fluent,Virtual Network,NA,https://docs.microsoft.com/dotnet/api/overview/azure/virtual-network,NA,mgmt,FALSE,,,maintanence,,,
Microsoft.Azure.Management.NotificationHubs,,2.3.3-preview,Management - Notification Hubs,Notification Hubs,notificationhubs,https://docs.microsoft.com/dotnet/api/overview/azure/notification-hubs,NA,mgmt,FALSE,,,preview,,,
Microsoft.Azure.Management.NotificationHubs.Fluent,,1.9.1-beta,Management - Notification Hubs Fluent,Notification Hubs,NA,NA,NA,mgmt,FALSE,,,maintanence,,,
Microsoft.Azure.Management.OperationalInsights,,0.21.0-preview,Management - Operational Insights,Operational Insights,operationalinsights,NA,NA,mgmt,FALSE,,,preview,,,
Microsoft.Azure.Management.Peering,2.1.1,,Management - Peering,Peering Service,peering,NA,NA,mgmt,FALSE,,,active,,,
Microsoft.Azure.Management.PolicyInsights,4.0.0,,Management - Policy Insights,Policy Insights,policyinsights,NA,NA,mgmt,FALSE,,,active,,,
Microsoft.Azure.Management.PostgreSQL,,0.9.5-preview,Management - PostgreSQL,Database for PostgreSQL,https://github.com/Azure/azure-sdk-for-net/tree/master/sdk/postgresql/Microsoft.Azure.Management.PostgreSQL,NA,NA,mgmt,FALSE,,,preview,,,
Microsoft.Azure.Management.PowerBIDedicated,,0.11.0-preview,Management - Power BI Dedicated,Power BI Dedicated,https://github.com/Azure/azure-sdk-for-net/tree/master/sdk/powerbidedicated/Microsoft.Azure.Management.PowerBIDedicated,NA,,mgmt,FALSE,,,preview,,,
Microsoft.Azure.Management.PowerBIEmbedded,,1.1.1-preview,Management - Power BI Embedded,Power BI,https://github.com/Azure/azure-sdk-for-net/tree/master/tools/legacy/SdkBackup/PowerBIEmbedded,NA,NA,mgmt,FALSE,,,preview,,,
Microsoft.Azure.Management.PrivateDns,1.0.0,,Management - Private DNS,Private DNS,privatedns,NA,NA,mgmt,FALSE,,,active,,,
Microsoft.Azure.Management.PrivateDns.Fluent,1.37.1,,Management - Private DNS Fluent,Private DNS,NA,NA,NA,mgmt,FALSE,,,maintanence,,,
Microsoft.Azure.Management.RecoveryServices,,4.3.1-preview,Management - Recovery Services,Site Recovery,recoveryservices,https://docs.microsoft.com/dotnet/api/overview/azure/recovery-services,NA,mgmt,FALSE,,,preview,,,
Microsoft.Azure.Management.RecoveryServices.Backup,,4.1.5-preview,Management - Recovery Services Backup,Site Recovery,recoveryservices-backup,https://docs.microsoft.com/dotnet/api/overview/azure/recovery-services,NA,mgmt,FALSE,,,preview,,,
Microsoft.Azure.Management.RecoveryServices.SiteRecovery,,2.1.2-preview,Management - Recovery Services Site Recovery,Site Recovery,recoveryservices-siterecovery,NA,NA,mgmt,FALSE,,,preview,,,
Microsoft.Azure.Management.RecoveryServicesVaultUpgrade,,1.0.0-preview,Management - Recovery Services Vault Upgrade,Site Recovery,NA,NA,NA,mgmt,FALSE,,,preview,,,
Microsoft.Azure.Management.Redis,,6.0.0-preview.2,Management - Redis,Redis Cache,NA,NA,NA,mgmt,FALSE,,,preview,,,
Microsoft.Azure.Management.Redis.Fluent,1.37.1,,Management - Redis Fluent,Redis Cache,NA,https://docs.microsoft.com/dotnet/api/overview/azure/redis-cache,NA,mgmt,FALSE,,,maintanence,,,
Microsoft.Azure.Management.Relay,2.0.2,,Management - Relay,Relay,https://github.com/Azure/azure-sdk-for-net/tree/master/sdk/relay/Microsoft.Azure.Management.Relay,NA,,mgmt,FALSE,,,active,,,
Microsoft.Azure.Management.Relay.Fluent,,1.9.1-beta,Management - Relay Fluent,Relay,NA,NA,NA,mgmt,FALSE,,,maintanence,,,
Microsoft.Azure.Management.RemoteApp,1.0.9,,Management - Remote App,RemoteApp,NA,NA,NA,mgmt,FALSE,,,active,,,
Microsoft.Azure.Management.Reservations,,1.15.0-preview,Management - Reservations,Reservations,reservations,NA,NA,mgmt,FALSE,,,preview,,,
Microsoft.Azure.Management.ResourceGraph,2.1.0,,Management - Resource Graph,Resource Graph,resourcegraph,NA,NA,mgmt,FALSE,,,active,,,
Microsoft.Azure.Management.ResourceManager,,3.12.1-preview,Management - Resource Manager,Resource Manager,NA,NA,NA,mgmt,FALSE,,,preview,,,
Microsoft.Azure.Management.ResourceManager.Fluent,1.37.1,,Management - Resource Manager Fluent,Resource Manager,NA,https://docs.microsoft.com/dotnet/api/overview/azure/resource-manager,NA,mgmt,FALSE,,,maintanence,,,
Microsoft.Azure.Management.Resources,,2.20.1-preview,Management - Resources,Resources,NA,NA,NA,mgmt,FALSE,,,preview,,,
Microsoft.Azure.Management.SampleProjectPublish,,0.9.0-Preview,Management - Sample Project Publish,Sample Project Publish,NA,NA,NA,mgmt,FALSE,,,preview,,,
Microsoft.Azure.Management.Scheduler,2.2.0,,Management - Scheduler,Scheduler,https://github.com/Azure/azure-sdk-for-net/tree/master/sdk/scheduler/Microsoft.Azure.Management.Scheduler,NA,,mgmt,FALSE,,,active,,,
Microsoft.Azure.Management.Scheduler.Fluent,,1.9.1-beta,Management - Scheduler Fluent,Scheduler,NA,NA,NA,mgmt,FALSE,,,maintanence,,,
Microsoft.Azure.Management.Search,4.0.0,,Management - Search,Search,https://github.com/Azure/azure-sdk-for-net/tree/master/sdk/search/Microsoft.Azure.Management.Search,NA,NA,mgmt,FALSE,,,active,,,
Microsoft.Azure.Management.Search.Fluent,1.37.1,,Management - Search Fluent,Search,NA,NA,NA,mgmt,FALSE,,,maintanence,,,
Microsoft.Azure.Management.SecurityCenter,2.2.0,,Management - Security Center,Security Center,securitycenter,NA,NA,mgmt,FALSE,,,active,,,
Microsoft.Azure.Management.ServerManagement,1.1.0,,Management - Server Management,Server Management,https://github.com/Azure/azure-sdk-for-net/tree/master/sdk/servermanagement/Microsoft.Azure.Management.ServerManagement,NA,,mgmt,FALSE,,,active,,,
Microsoft.Azure.Management.ServiceBus,2.1.0,,Management - Service Bus,Service Bus,https://github.com/Azure/azure-sdk-for-net/tree/master/sdk/servicebus/Microsoft.Azure.Management.ServiceBus,NA,,mgmt,FALSE,,,active,,,
Microsoft.Azure.Management.ServiceBus.Fluent,1.37.1,,Management - Service Bus Fluent,Service Bus,NA,https://docs.microsoft.com/dotnet/api/overview/azure/service-bus,NA,mgmt,FALSE,,,maintanence,,,
Microsoft.Azure.Management.ServiceFabric,1.3.0,,Management - Service Fabric,Service Fabric,servicefabric,https://docs.microsoft.com/dotnet/api/overview/azure/service-fabric,NA,mgmt,FALSE,,,active,,,
Microsoft.Azure.Management.ServiceFabric.Fluent,,1.9.1-beta,Management - Service Fabric Fluent,Service Fabric,NA,NA,NA,mgmt,FALSE,,,maintanence,,,
Microsoft.Azure.Management.SignalR,1.1.0,1.1.1-preview,Management - SignalR,SignalR,signalr,NA,NA,mgmt,FALSE,,,active,,,
Microsoft.Azure.Management.SiteRecovery,,2.0.2-preview,Management - Site Recovery,Site Recovery,NA,NA,NA,mgmt,FALSE,,,preview,,,
Microsoft.Azure.Management.Sql,,1.50.0-preview,Management - SQL,SQL,NA,NA,NA,mgmt,FALSE,,,preview,,,
Microsoft.Azure.Management.Sql.Fluent,1.37.1,,Management - SQL Fluent,SQL,NA,https://docs.microsoft.com/dotnet/api/overview/azure/sql,NA,mgmt,FALSE,,,maintanence,,,
Microsoft.Azure.Management.SqlVirtualMachine,1.0.0,,Management - SQL Virtual Machine,SQL Server on Virtual Machines,sqlvirtualmachine,NA,,mgmt,FALSE,,,active,,,
Microsoft.Azure.Management.Storage,20.0.0,,Management - Storage,Storage,storage,NA,NA,mgmt,FALSE,,,active,,,
Microsoft.Azure.Management.StorageCache,1.1.0,,Management - Storage Cache,Storage,storagecache,NA,NA,mgmt,FALSE,,,active,,,
Microsoft.Azure.Management.Storage.Fluent,1.37.1,,Management - Storage Fluent,Storage,NA,NA,NA,mgmt,FALSE,,,maintanence,,,
Microsoft.Azure.Management.StorageSync,5.0.1,,Management - Storage Sync,Storage,storagesync,NA,NA,mgmt,FALSE,,,active,,,
Microsoft.Azure.Management.Storsimple8000series,1.0.0,,Management - Storsimple 8000 series,Storsimple,https://github.com/Azure/azure-sdk-for-net/tree/master/sdk/storsimple8000series/Microsoft.Azure.Management.StorSimple8000Series,NA,NA,mgmt,FALSE,,,active,,,
Microsoft.Azure.Management.StorSimple.Fluent,,1.9.1-beta,Management - StorSimple Fluent,StorSimple,NA,https://docs.microsoft.com/dotnet/api/overview/azure/storsimple,NA,mgmt,FALSE,,,maintanence,,,
Microsoft.Azure.Management.StreamAnalytics,2.1.0,3.0.0-preview,Management - Stream Analytics,Stream Analytics,https://github.com/Azure/azure-sdk-for-net/tree/master/sdk/streamanalytics/Microsoft.Azure.Management.StreamAnalytics,https://docs.microsoft.com/dotnet/api/overview/azure/stream-analytics,NA,mgmt,FALSE,,,active,,,
Microsoft.Azure.Management.Subscription,1.1.5,,Management - Subscription,Subscriptions,subscription,NA,NA,mgmt,FALSE,,,active,,,
Microsoft.Azure.Management.Support,1.0.1,,Management - Support,Help + support,support,NA,NA,mgmt,FALSE,,,active,,,
Microsoft.Azure.Management.Synapse,2.0.0,,Management - Synapse,Synapse Analytics,synapse,NA,NA,mgmt,FALSE,,,active,,,
Microsoft.Azure.Management.TrafficManager,2.5.3,,Management - Traffic Manager,Traffic Manager,https://github.com/Azure/azure-sdk-for-net/tree/master/sdk/trafficmanager/Microsoft.Azure.Management.TrafficManager,NA,,mgmt,FALSE,,,active,,,
Microsoft.Azure.Management.TrafficManager.Fluent,1.37.1,,Management - Traffic Manager Fluent,Traffic Manager,NA,https://docs.microsoft.com/dotnet/api/overview/azure/traffic-manager,NA,mgmt,FALSE,,,maintanence,,,
Microsoft.Azure.Management.WebSites,3.1.0,,Management - WebSites,App Service,https://github.com/Azure/azure-sdk-for-net/tree/master/sdk/websites/Microsoft.Azure.Management.WebSites,NA,NA,mgmt,FALSE,,,active,,,
Microsoft.Azure.Management.WorkloadMonitor,,1.0.0-preview,Management - Workload Monitor,Work Load Monitor,NA,NA,NA,mgmt,FALSE,,,preview,,,
Microsoft.Azure.Management.RedisEnterprise,2.0.0,,Microsoft.Azure.Management.RedisEnterprise,Microsoft.Azure.Management.RedisEnterprise,NA,NA,NA,mgmt,FALSE,,,active,,,
Microsoft.Azure.Management.Profiles.hybrid_2018_03_01.Authorization,,0.9.0-preview,Profiles hybrid_2018_03_01 Management - Authorization,Authorization,NA,NA,NA,mgmt,FALSE,,,preview,,,
Microsoft.Azure.Management.Profiles.hybrid_2018_03_01.Compute,,0.9.0-preview,Profiles hybrid_2018_03_01 Management - Compute,Compute,NA,NA,NA,mgmt,FALSE,,,preview,,,
Microsoft.Azure.Management.Profiles.hybrid_2018_03_01.Dns,,0.9.0-preview,Profiles hybrid_2018_03_01 Management - DNS,DNS,NA,NA,NA,mgmt,FALSE,,,preview,,,
Microsoft.Azure.Management.Profiles.hybrid_2018_03_01.KeyVault,,0.9.0-preview,Profiles hybrid_2018_03_01 Management - Key Vault,Key Vault,NA,NA,NA,mgmt,FALSE,,,preview,,,
Microsoft.Azure.Management.Profiles.hybrid_2018_03_01.Network,,0.9.0-preview,Profiles hybrid_2018_03_01 Management - Network,Virtual Network,NA,NA,NA,mgmt,FALSE,,,preview,,,
Microsoft.Azure.Management.Profiles.hybrid_2018_03_01.ResourceManager,,0.9.0-preview,Profiles hybrid_2018_03_01 Management - Resource,Resource manager,NA,NA,NA,mgmt,FALSE,,,preview,,,
Microsoft.Azure.Management.Profiles.hybrid_2018_03_01.Storage,,0.9.0-preview,Profiles hybrid_2018_03_01 Management - Storage,Storage,NA,NA,NA,mgmt,FALSE,,,preview,,,
Microsoft.Azure.Management.Profiles.hybrid_2018_03_01.Subscription,,0.9.0-preview,Profiles hybrid_2018_03_01 Management - Subscription,Subscriptions,NA,NA,NA,mgmt,FALSE,,,preview,,,
Microsoft.Azure.Management.Profiles.hybrid_2018_03_01.Websites,,0.9.0-preview,Profiles hybrid_2018_03_01 Management - WebSites,App Service,NA,NA,NA,mgmt,FALSE,,,preview,,,
Microsoft.Azure.Management.Profiles.hybrid_2019_03_01.Authorization,,0.9.0-preview,Profiles hybrid_2019_03_01 Management - Authorization,Authorization,NA,NA,NA,mgmt,FALSE,,,preview,,,
Microsoft.Azure.Management.Profiles.hybrid_2019_03_01.Compute,,0.9.0-preview,Profiles hybrid_2019_03_01 Management - Compute,Compute,NA,NA,NA,mgmt,FALSE,,,preview,,,
Microsoft.Azure.Management.Profiles.hybrid_2019_03_01.Dns,,0.9.0-preview,Profiles hybrid_2019_03_01 Management - DNS,DNS,NA,NA,NA,mgmt,FALSE,,,preview,,,
Microsoft.Azure.Management.Profiles.hybrid_2019_03_01.KeyVault,,0.9.0-preview,Profiles hybrid_2019_03_01 Management - Key Vault,Key Vault,NA,NA,NA,mgmt,FALSE,,,preview,,,
Microsoft.Azure.Management.Profiles.hybrid_2019_03_01.Monitor,,0.9.0-preview,Profiles hybrid_2019_03_01 Management - Monitor,Monitor,NA,NA,NA,mgmt,FALSE,,,preview,,,
Microsoft.Azure.Management.Profiles.hybrid_2019_03_01.Network,,0.9.0-preview,Profiles hybrid_2019_03_01 Management - Network,Virtual Network,NA,NA,NA,mgmt,FALSE,,,preview,,,
Microsoft.Azure.Management.Profiles.hybrid_2019_03_01.ResourceManager,,0.9.0-preview,Profiles hybrid_2019_03_01 Management - Resource,Resource Manager,NA,NA,NA,mgmt,FALSE,,,preview,,,
Microsoft.Azure.Management.Profiles.hybrid_2019_03_01.Storage,,0.9.0-preview,Profiles hybrid_2019_03_01 Management - Storage,Storage,NA,NA,NA,mgmt,FALSE,,,preview,,,
Microsoft.Azure.Management.Profiles.hybrid_2019_03_01.Subscription,,0.9.0-preview,Profiles hybrid_2019_03_01 Management - Subscription,Subscriptions,NA,NA,NA,mgmt,FALSE,,,preview,,,
Microsoft.Azure.Management.Profiles.hybrid_2019_03_01.Websites,,0.9.0-preview,Profiles hybrid_2019_03_01 Management - WebSites,App Service,NA,NA,NA,mgmt,FALSE,,,preview,,,
Microsoft.Azure.Management.SecurityInsights,,1.0.0-preview.2,Security Insights,Sentinel,securityinsights,NA,NA,mgmt,FALSE,,,preview,,,
Microsoft.Azure.SignalR.Management,1.8.0,,SignalR Management,SignalR,https://github.com/Azure/azure-signalr/tree/v1.5.0/src/Microsoft.Azure.SignalR.Management,NA,NA,mgmt,FALSE,,,active,,,
Microsoft.SqlServer.Management.AlwaysEncrypted.AzureKeyVaultProvider,2.4.0,,SQL Server Mangement - Key Vault Provider,Key Vault,NA,NA,NA,mgmt,FALSE,,,active,,,
Microsoft.WindowsAzure.Management,4.1.3,,WindowsAzure Management,Management,NA,NA,NA,mgmt,FALSE,,,community,,,
Microsoft.WindowsAzure.Management.Automation,1.0.3,,WindowsAzure Management - Automation,Automation,NA,NA,NA,mgmt,FALSE,,,community,,,
Microsoft.WindowsAzure.Management.Compute,14.0.0,,WindowsAzure Management - Compute,Compute,NA,NA,NA,mgmt,FALSE,,,community,,,
Microsoft.WindowsAzure.Management.ExpressRoute,,0.23.0-preview,WindowsAzure Management - ExpressRoute,ExpressRoute,NA,NA,NA,mgmt,FALSE,,,community,,,
Microsoft.WindowsAzure.Management.HDInsight,1.5.13,,WindowsAzure Management - HD Insight,HDInsight,NA,NA,NA,mgmt,FALSE,,,community,,,
Microsoft.WindowsAzure.Management.Libraries,2.0.0,,WindowsAzure Management - Libraries,Libraries,NA,NA,NA,mgmt,FALSE,,,community,,,
Microsoft.WindowsAzure.Management.MediaServices,4.1.0,,WindowsAzure Management - Media Services,Media Services,NA,NA,NA,mgmt,FALSE,,,community,,,
Microsoft.WindowsAzure.Management.Monitoring,4.1.0,,WindowsAzure Management - Monitoring,Monitor,NA,NA,NA,mgmt,FALSE,,,community,,,
Microsoft.WindowsAzure.Management.Network,8.2.1,,WindowsAzure Management - Network,Virtual Network,NA,NA,NA,mgmt,FALSE,,,community,,,
Microsoft.WindowsAzure.Management.RemoteApp,2.0.7,,WindowsAzure Management - Remote App,RemoteApp,NA,NA,NA,mgmt,FALSE,,,community,,,
Microsoft.WindowsAzure.Management.Scheduler,6.2.0,,WindowsAzure Management - Scheduler,Scheduler,NA,NA,NA,mgmt,FALSE,,,community,,,
Microsoft.WindowsAzure.Management.ServiceBus,,0.19.0-preview,WindowsAzure Management - Service Bus,Service Bus,NA,NA,NA,mgmt,FALSE,,,community,,,
Microsoft.WindowsAzure.Management.Sql,5.2.0,,WindowsAzure Management - SQL,SQL,NA,NA,NA,mgmt,FALSE,,,community,,,
Microsoft.WindowsAzure.Management.Storage,6.0.1,,WindowsAzure Management - Storage,Storage,NA,NA,NA,mgmt,FALSE,,,community,,,
Microsoft.WindowsAzure.Management.Store,,0.15.1-preview,WindowsAzure Management - Store,Store,NA,NA,NA,mgmt,FALSE,,,community,,,
Microsoft.WindowsAzure.Management.StorSimple,,1.0.5-preview,WindowsAzure Management - StorSimple,StorSimple,NA,NA,NA,mgmt,FALSE,,,community,,,
Microsoft.WindowsAzure.Management.TrafficManager,,0.16.1-preview,WindowsAzure Management - Traffic Manager,Traffic Manager,NA,NA,NA,mgmt,FALSE,,,community,,,
Microsoft.WindowsAzure.Management.VirtualNetworks,,0.9.9-preview,WindowsAzure Management - Virtual Networks,Virtual Network,NA,NA,NA,mgmt,FALSE,,,community,,,
Microsoft.WindowsAzure.Management.WebSites,,5.0.0-prerelease,WindowsAzure Management - WebSites,App Service,NA,NA,NA,mgmt,FALSE,,,community,,,
