"Package","VersionGA","VersionPreview","DisplayName","ServiceName","RepoPath","MSDocs","GHDocs","Type","New","PlannedVersions","FirstGADate","Support","Hide","Replace","ReplaceGuide","Notes"
"sdk/azcore","","0.21.1","Core","Core","azcore","NA","","client","true","","","","","","",""
"sdk/data/azcosmos","","0.2.0","Cosmos DB","Cosmos DB","data/azcosmos","NA","","client","true","","","","","","",""
"sdk/azidentity","","0.13.1","Identity","Identity","azidentity","NA","","client","true","1.1.0,04/06/2022","","","","","",""
"sdk/keyvault/azcertificates","","0.1.0","Key Vault - Certificates","Key Vault","keyvault/azcertificates","NA","NA","client","true","","","","","","",""
"sdk/keyvault/azkeys","","0.3.0","Key Vault - Keys","Key Vault","keyvault/azkeys","NA","","client","true","","","","","","",""
"sdk/keyvault/azsecrets","","0.5.0","Key Vault - Secrets","Key Vault","keyvault/azsecrets","NA","","client","true","","","","","","",""
"sdk/messaging/azservicebus","","0.3.4","Service Bus","Service Bus","messaging/azservicebus","NA","","client","true","","","","","","",""
"sdk/storage/azblob","","0.2.0","Storage - Blobs","Storage","storage/azblob","NA","","client","true","","","","","","",""
"sdk/data/aztables","","0.5.0","Tables","Tables","data/aztables","NA","","client","true","","","","","","",""
"sdk/resourcemanager/aad/armaad","","0.2.0","Resource Management - Aad","Aad","resourcemanager/aad/armaad","NA","","mgmt","true","","","","","","",""
"sdk/resourcemanager/advisor/armadvisor","","0.2.0","Resource Management - Advisor","Advisor","resourcemanager/advisor/armadvisor","NA","","mgmt","true","","","","","","",""
"sdk/resourcemanager/agrifood/armagrifood","","0.3.0","Resource Management - AgriFood","AgriFood","resourcemanager/agrifood/armagrifood","NA","","mgmt","true","","","","","","",""
"sdk/resourcemanager/alertsmanagement/armalertsmanagement","","0.3.0","Resource Management - Alerts Management","Alerts Management","resourcemanager/alertsmanagement/armalertsmanagement","NA","","mgmt","true","","","","","","",""
"sdk/resourcemanager/analysisservices/armanalysisservices","","0.2.0","Resource Management - Analysis Services","Analysis Services","resourcemanager/analysisservices/armanalysisservices","NA","","mgmt","true","","","","","","",""
"sdk/resourcemanager/apimanagement/armapimanagement","","0.3.0","Resource Management - API Management","API Management","resourcemanager/apimanagement/armapimanagement","NA","","mgmt","true","","","","","","",""
"sdk/resourcemanager/appplatform/armappplatform","","0.3.0","Resource Management - App Platform","App Platform","resourcemanager/appplatform/armappplatform","NA","","mgmt","true","","","","","","",""
"sdk/resourcemanager/appconfiguration/armappconfiguration","","0.2.0","Resource Management - Appconfiguration","Appconfiguration","resourcemanager/appconfiguration/armappconfiguration","NA","","mgmt","true","","","","","","",""
"sdk/resourcemanager/applicationinsights/armapplicationinsights","","0.2.0","Resource Management - Applicationinsights","Applicationinsights","resourcemanager/applicationinsights/armapplicationinsights","NA","","mgmt","true","","","","","","",""
"sdk/resourcemanager/appservice/armappservice","","0.2.0","Resource Management - Appservice","Appservice","resourcemanager/appservice/armappservice","NA","","mgmt","true","","","","","","",""
"sdk/resourcemanager/attestation/armattestation","","0.2.0","Resource Management - Attestation","Attestation","resourcemanager/attestation/armattestation","NA","","mgmt","true","","","","","","",""
"sdk/resourcemanager/authorization/armauthorization","","0.3.0","Resource Management - Authorization","Authorization","resourcemanager/authorization/armauthorization","NA","","mgmt","true","","","","","","",""
"sdk/resourcemanager/automanage/armautomanage","","0.2.0","Resource Management - Automanage","Automanage","resourcemanager/automanage/armautomanage","NA","","mgmt","true","","","","","","",""
"sdk/resourcemanager/automation/armautomation","","0.3.0","Resource Management - Automation","Automation","resourcemanager/automation/armautomation","NA","","mgmt","true","","","","","","",""
"sdk/resourcemanager/avs/armavs","","0.2.0","Resource Management - Avs","Avs","resourcemanager/avs/armavs","NA","","mgmt","true","","","","","","",""
"sdk/resourcemanager/azurearcdata/armazurearcdata","","0.2.0","Resource Management - Azurearcdata","Azurearcdata","resourcemanager/azurearcdata/armazurearcdata","NA","","mgmt","true","","","","","","",""
"sdk/resourcemanager/azuredata/armazuredata","","0.2.0","Resource Management - Azuredata","Azuredata","resourcemanager/azuredata/armazuredata","NA","","mgmt","true","","","","","","",""
"sdk/resourcemanager/azurestackhci/armazurestackhci","","0.2.0","Resource Management - Azurestackhci","Azurestackhci","resourcemanager/azurestackhci/armazurestackhci","NA","","mgmt","true","","","","","","",""
"sdk/resourcemanager/baremetalinfrastructure/armbaremetalinfrastructure","","0.2.0","Resource Management - Baremetalinfrastructure","Baremetalinfrastructure","resourcemanager/baremetalinfrastructure/armbaremetalinfrastructure","NA","","mgmt","true","","","","","","",""
"sdk/resourcemanager/batch/armbatch","","0.2.0","Resource Management - Batch","Batch","resourcemanager/batch/armbatch","NA","","mgmt","true","","","","","","",""
"sdk/resourcemanager/billing/armbilling","","0.2.0","Resource Management - Billing","Billing","resourcemanager/billing/armbilling","NA","","mgmt","true","","","","","","",""
"sdk/resourcemanager/blockchain/armblockchain","","0.2.0","Resource Management - Blockchain","Blockchain","resourcemanager/blockchain/armblockchain","NA","","mgmt","true","","","","","","",""
"sdk/resourcemanager/blueprint/armblueprint","","0.2.0","Resource Management - Blueprint","Blueprint","resourcemanager/blueprint/armblueprint","NA","","mgmt","true","","","","","","",""
"sdk/resourcemanager/botservice/armbotservice","","0.2.0","Resource Management - Bot Service","Bot Service","resourcemanager/botservice/armbotservice","NA","","mgmt","true","","","","","","",""
"sdk/resourcemanager/cdn/armcdn","","0.3.0","Resource Management - CDN","CDN","resourcemanager/cdn/armcdn","NA","","mgmt","true","","","","","","",""
"sdk/resourcemanager/changeanalysis/armchangeanalysis","","0.2.0","Resource Management - Changeanalysis","Changeanalysis","resourcemanager/changeanalysis/armchangeanalysis","NA","","mgmt","true","","","","","","",""
"sdk/resourcemanager/chaos/armchaos","","0.2.0","Resource Management - Chaos","Chaos","resourcemanager/chaos/armchaos","NA","","mgmt","true","","","","","","",""
"sdk/resourcemanager/cognitiveservices/armcognitiveservices","","0.3.0","Resource Management - Cognitive Services","Cognitive Services","resourcemanager/cognitiveservices/armcognitiveservices","NA","","mgmt","true","","","","","","",""
"sdk/resourcemanager/communication/armcommunication","","0.2.0","Resource Management - Communication","Communication","resourcemanager/communication/armcommunication","NA","","mgmt","true","","","","","","",""
"sdk/resourcemanager/compute/armcompute","","0.3.0","Resource Management - Compute","Compute","resourcemanager/compute/armcompute","NA","","mgmt","true","","","","","","",""
"sdk/resourcemanager/confidentialledger/armconfidentialledger","","0.2.0","Resource Management - Confidentialledger","Confidentialledger","resourcemanager/confidentialledger/armconfidentialledger","NA","","mgmt","true","","","","","","",""
"sdk/resourcemanager/confluent/armconfluent","","0.2.0","Resource Management - Confluent","Confluent","resourcemanager/confluent/armconfluent","NA","","mgmt","true","","","","","","",""
"sdk/resourcemanager/consumption/armconsumption","","0.3.0","Resource Management - Consumption","Consumption","resourcemanager/consumption/armconsumption","NA","","mgmt","true","","","","","","",""
"sdk/resourcemanager/containerregistry/armcontainerregistry","","0.3.0","Resource Management - Container Registry","Container Registry","resourcemanager/containerregistry/armcontainerregistry","NA","","mgmt","true","","","","","","",""
"sdk/resourcemanager/containerservice/armcontainerservice","","0.3.0","Resource Management - Container Service","Container Service","resourcemanager/containerservice/armcontainerservice","NA","","mgmt","true","","","","","","",""
"sdk/resourcemanager/containerinstance/armcontainerinstance","","0.2.0","Resource Management - Containerinstance","Containerinstance","resourcemanager/containerinstance/armcontainerinstance","NA","","mgmt","true","","","","","","",""
"sdk/resourcemanager/cosmos/armcosmos","","0.3.0","Resource Management - Cosmos DB","Cosmos DB","resourcemanager/cosmos/armcosmos","NA","","mgmt","true","","","","","","",""
"sdk/resourcemanager/costmanagement/armcostmanagement","","0.2.0","Resource Management - Costmanagement","Costmanagement","resourcemanager/costmanagement/armcostmanagement","NA","","mgmt","true","","","","","","",""
"sdk/resourcemanager/customerlockbox/armcustomerlockbox","","0.2.0","Resource Management - Customerlockbox","Customerlockbox","resourcemanager/customerlockbox/armcustomerlockbox","NA","","mgmt","true","","","","","","",""
"sdk/resourcemanager/customproviders/armcustomproviders","","0.2.0","Resource Management - Customproviders","Customproviders","resourcemanager/customproviders/armcustomproviders","NA","","mgmt","true","","","","","","",""
"sdk/resourcemanager/datalake-analytics/armdatalakeanalytics","","0.3.0","Resource Management - Data Lake Analytics","Data Lake Analytics","resourcemanager/datalake-analytics/armdatalakeanalytics","NA","","mgmt","true","","","","","","",""
"sdk/resourcemanager/datalake-store/armdatalakestore","","0.3.0","Resource Management - Data Lake Storage","Data Lake Storage","resourcemanager/datalake-store/armdatalakestore","NA","","mgmt","true","","","","","","",""
"sdk/resourcemanager/databox/armdatabox","","0.2.0","Resource Management - Databox","Databox","resourcemanager/databox/armdatabox","NA","","mgmt","true","","","","","","",""
"sdk/resourcemanager/databoxedge/armdataboxedge","","0.2.0","Resource Management - Databoxedge","Databoxedge","resourcemanager/databoxedge/armdataboxedge","NA","","mgmt","true","","","","","","",""
"sdk/resourcemanager/databricks/armdatabricks","","0.3.0","Resource Management - Databricks","Databricks","resourcemanager/databricks/armdatabricks","NA","","mgmt","true","","","","","","",""
"sdk/resourcemanager/datacatalog/armdatacatalog","","0.2.0","Resource Management - Datacatalog","Datacatalog","resourcemanager/datacatalog/armdatacatalog","NA","","mgmt","true","","","","","","",""
"sdk/resourcemanager/datadog/armdatadog","","0.2.0","Resource Management - Datadog","Datadog","resourcemanager/datadog/armdatadog","NA","","mgmt","true","","","","","","",""
"sdk/resourcemanager/datafactory/armdatafactory","","0.2.0","Resource Management - Datafactory","Datafactory","resourcemanager/datafactory/armdatafactory","NA","","mgmt","true","","","","","","",""
"sdk/resourcemanager/dataprotection/armdataprotection","","0.2.0","Resource Management - Dataprotection","Dataprotection","resourcemanager/dataprotection/armdataprotection","NA","","mgmt","true","","","","","","",""
"sdk/resourcemanager/datashare/armdatashare","","0.2.0","Resource Management - Datashare","Datashare","resourcemanager/datashare/armdatashare","NA","","mgmt","true","","","","","","",""
"sdk/resourcemanager/resources/armdeploymentscripts","","0.2.0","Resource Management - Deployment Scripts","Deployment Scripts","resourcemanager/resources/armdeploymentscripts","NA","","mgmt","true","","","","","","",""
"sdk/resourcemanager/deploymentmanager/armdeploymentmanager","","0.2.0","Resource Management - Deploymentmanager","Deploymentmanager","resourcemanager/deploymentmanager/armdeploymentmanager","NA","","mgmt","true","","","","","","",""
"sdk/resourcemanager/desktopvirtualization/armdesktopvirtualization","","0.2.0","Resource Management - Desktopvirtualization","Desktopvirtualization","resourcemanager/desktopvirtualization/armdesktopvirtualization","NA","","mgmt","true","","","","","","",""
"sdk/resourcemanager/deviceprovisioningservices/armdeviceprovisioningservices","","0.2.0","Resource Management - Deviceprovisioningservices","Deviceprovisioningservices","resourcemanager/deviceprovisioningservices/armdeviceprovisioningservices","NA","","mgmt","true","","","","","","",""
"sdk/resourcemanager/deviceupdate/armdeviceupdate","","0.2.0","Resource Management - Deviceupdate","Deviceupdate","resourcemanager/deviceupdate/armdeviceupdate","NA","","mgmt","true","","","","","","",""
"sdk/resourcemanager/devops/armdevops","","0.2.0","Resource Management - Devops","Devops","resourcemanager/devops/armdevops","NA","","mgmt","true","","","","","","",""
"sdk/resourcemanager/devtestlabs/armdevtestlabs","","0.2.0","Resource Management - DevTest Labs","DevTest Labs","resourcemanager/devtestlabs/armdevtestlabs","NA","","mgmt","true","","","","","","",""
"sdk/resourcemanager/digitaltwins/armdigitaltwins","","0.2.0","Resource Management - Digitaltwins","Digitaltwins","resourcemanager/digitaltwins/armdigitaltwins","NA","","mgmt","true","","","","","","",""
"sdk/resourcemanager/dns/armdns","","0.2.0","Resource Management - Dns","Dns","resourcemanager/dns/armdns","NA","","mgmt","true","","","","","","",""
"sdk/resourcemanager/domainservices/armdomainservices","","0.2.0","Resource Management - Domainservices","Domainservices","resourcemanager/domainservices/armdomainservices","NA","","mgmt","true","","","","","","",""
"sdk/resourcemanager/edgeorder/armedgeorder","","0.2.0","Resource Management - Edgeorder","Edgeorder","resourcemanager/edgeorder/armedgeorder","NA","","mgmt","true","","","","","","",""
"sdk/resourcemanager/edgeorderpartner/armedgeorderpartner","","0.2.0","Resource Management - Edgeorderpartner","Edgeorderpartner","resourcemanager/edgeorderpartner/armedgeorderpartner","NA","","mgmt","true","","","","","","",""
"sdk/resourcemanager/elastic/armelastic","","0.2.0","Resource Management - Elastic","Elastic","resourcemanager/elastic/armelastic","NA","","mgmt","true","","","","","","",""
"sdk/resourcemanager/eventgrid/armeventgrid","","0.3.0","Resource Management - Event Grid","Event Grid","resourcemanager/eventgrid/armeventgrid","NA","","mgmt","true","","","","","","",""
"sdk/resourcemanager/eventhub/armeventhub","","0.3.0","Resource Management - Event Hub","Event Hub","resourcemanager/eventhub/armeventhub","NA","","mgmt","true","","","","","","",""
"sdk/resourcemanager/extendedlocation/armextendedlocation","","0.2.0","Resource Management - Extendedlocation","Extendedlocation","resourcemanager/extendedlocation/armextendedlocation","NA","","mgmt","true","","","","","","",""
"sdk/resourcemanager/resources/armfeatures","","0.2.0","Resource Management - Features","Features","resourcemanager/resources/armfeatures","NA","","mgmt","true","","","","","","",""
"sdk/resourcemanager/frontdoor/armfrontdoor","","0.2.0","Resource Management - Frontdoor","Frontdoor","resourcemanager/frontdoor/armfrontdoor","NA","","mgmt","true","","","","","","",""
"sdk/resourcemanager/guestconfiguration/armguestconfiguration","","0.2.0","Resource Management - Guestconfiguration","Guestconfiguration","resourcemanager/guestconfiguration/armguestconfiguration","NA","","mgmt","true","","","","","","",""
"sdk/resourcemanager/hanaonazure/armhanaonazure","","0.2.0","Resource Management - Hanaonazure","Hanaonazure","resourcemanager/hanaonazure/armhanaonazure","NA","","mgmt","true","","","","","","",""
"sdk/resourcemanager/hardwaresecuritymodules/armhardwaresecuritymodules","","0.2.0","Resource Management - Hardwaresecuritymodules","Hardwaresecuritymodules","resourcemanager/hardwaresecuritymodules/armhardwaresecuritymodules","NA","","mgmt","true","","","","","","",""
"sdk/resourcemanager/hdinsight/armhdinsight","","0.2.0","Resource Management - HDInsight","HDInsight","resourcemanager/hdinsight/armhdinsight","NA","","mgmt","true","","","","","","",""
"sdk/resourcemanager/healthbot/armhealthbot","","0.2.0","Resource Management - Healthbot","Healthbot","resourcemanager/healthbot/armhealthbot","NA","","mgmt","true","","","","","","",""
"sdk/resourcemanager/healthcareapis/armhealthcareapis","","0.2.0","Resource Management - Healthcareapis","Healthcareapis","resourcemanager/healthcareapis/armhealthcareapis","NA","","mgmt","true","","","","","","",""
"sdk/resourcemanager/hybridcompute/armhybridcompute","","0.2.0","Resource Management - Hybridcompute","Hybridcompute","resourcemanager/hybridcompute/armhybridcompute","NA","","mgmt","true","","","","","","",""
"sdk/resourcemanager/hybridconnectivity/armhybridconnectivity","","0.2.0","Resource Management - Hybridconnectivity","Hybridconnectivity","resourcemanager/hybridconnectivity/armhybridconnectivity","NA","","mgmt","true","","","","","","",""
"sdk/resourcemanager/hybriddatamanager/armhybriddatamanager","","0.2.0","Resource Management - Hybriddatamanager","Hybriddatamanager","resourcemanager/hybriddatamanager/armhybriddatamanager","NA","","mgmt","true","","","","","","",""
"sdk/resourcemanager/hybridkubernetes/armhybridkubernetes","","0.2.0","Resource Management - Hybridkubernetes","Hybridkubernetes","resourcemanager/hybridkubernetes/armhybridkubernetes","NA","","mgmt","true","","","","","","",""
"sdk/resourcemanager/hybridnetwork/armhybridnetwork","","0.2.0","Resource Management - Hybridnetwork","Hybridnetwork","resourcemanager/hybridnetwork/armhybridnetwork","NA","","mgmt","true","","","","","","",""
"sdk/resourcemanager/iothub/armiothub","","0.3.0","Resource Management - IoT Hub","IoT Hub","resourcemanager/iothub/armiothub","NA","","mgmt","true","","","","","","",""
"sdk/resourcemanager/iotcentral/armiotcentral","","0.2.0","Resource Management - Iotcentral","Iotcentral","resourcemanager/iotcentral/armiotcentral","NA","","mgmt","true","","","","","","",""
"sdk/resourcemanager/iotsecurity/armiotsecurity","","0.2.0","Resource Management - Iotsecurity","Iotsecurity","resourcemanager/iotsecurity/armiotsecurity","NA","","mgmt","true","","","","","","",""
"sdk/resourcemanager/keyvault/armkeyvault","","0.3.0","Resource Management - Key Vault","Key Vault","resourcemanager/keyvault/armkeyvault","NA","","mgmt","true","","","","","","",""
"sdk/resourcemanager/kubernetesconfiguration/armkubernetesconfiguration","","0.2.0","Resource Management - Kubernetesconfiguration","Kubernetesconfiguration","resourcemanager/kubernetesconfiguration/armkubernetesconfiguration","NA","","mgmt","true","","","","","","",""
"sdk/resourcemanager/kusto/armkusto","","0.2.0","Resource Management - Kusto","Kusto","resourcemanager/kusto/armkusto","NA","","mgmt","true","","","","","","",""
"sdk/resourcemanager/labservices/armlabservices","","0.2.0","Resource Management - Labservices","Labservices","resourcemanager/labservices/armlabservices","NA","","mgmt","true","","","","","","",""
"sdk/resourcemanager/resources/armlinks","","0.2.0","Resource Management - Links","Links","resourcemanager/resources/armlinks","NA","","mgmt","true","","","","","","",""
"sdk/resourcemanager/loadtestservice/armloadtestservice","","0.2.0","Resource Management - Loadtestservice","Loadtestservice","resourcemanager/loadtestservice/armloadtestservice","NA","","mgmt","true","","","","","","",""
"sdk/resourcemanager/resources/armlocks","","0.2.0","Resource Management - Locks","Locks","resourcemanager/resources/armlocks","NA","","mgmt","true","","","","","","",""
"sdk/resourcemanager/logic/armlogic","","0.3.0","Resource Management - Logic","Logic","resourcemanager/logic/armlogic","NA","","mgmt","true","","","","","","",""
"sdk/resourcemanager/logz/armlogz","","0.2.0","Resource Management - Logz","Logz","resourcemanager/logz/armlogz","NA","","mgmt","true","","","","","","",""
"sdk/resourcemanager/m365securityandcompliance/armm365securityandcompliance","","0.2.0","Resource Management - M365securityandcompliance","M365securityandcompliance","resourcemanager/m365securityandcompliance/armm365securityandcompliance","NA","","mgmt","true","","","","","","",""
"sdk/resourcemanager/machinelearningservices/armmachinelearningservices","","0.2.0","Resource Management - Machinelearningservices","Machinelearningservices","resourcemanager/machinelearningservices/armmachinelearningservices","NA","","mgmt","true","","","","","","",""
"sdk/resourcemanager/maintenance/armmaintenance","","0.2.0","Resource Management - Maintenance","Maintenance","resourcemanager/maintenance/armmaintenance","NA","","mgmt","true","","","","","","",""
"sdk/resourcemanager/resources/armmanagedapplications","","0.2.0","Resource Management - Managed Applications","Managed Applications","resourcemanager/resources/armmanagedapplications","NA","","mgmt","true","","","","","","",""
"sdk/resourcemanager/msi/armmsi","","0.3.0","Resource Management - Managed Service Identity","Managed Service Identity","resourcemanager/msi/armmsi","NA","","mgmt","true","","","","","","",""
"sdk/resourcemanager/solutions/armmanagedapplications","","0.2.0","Resource Management - Managedapplications","Solutions","resourcemanager/solutions/armmanagedapplications","NA","","mgmt","true","","","","","","",""
"sdk/resourcemanager/managedservices/armmanagedservices","","0.2.0","Resource Management - Managedservices","Managedservices","resourcemanager/managedservices/armmanagedservices","NA","","mgmt","true","","","","","","",""
"sdk/resourcemanager/managementgroups/armmanagementgroups","","0.3.0","Resource Management - Management Groups","Management Groups","resourcemanager/managementgroups/armmanagementgroups","NA","","mgmt","true","","","","","","",""
"sdk/resourcemanager/managementpartner/armmanagementpartner","","0.2.0","Resource Management - Managementpartner","Managementpartner","resourcemanager/managementpartner/armmanagementpartner","NA","","mgmt","true","","","","","","",""
"sdk/resourcemanager/maps/armmaps","","0.2.0","Resource Management - Maps","Maps","resourcemanager/maps/armmaps","NA","","mgmt","true","","","","","","",""
"sdk/resourcemanager/mariadb/armmariadb","","0.2.0","Resource Management - Mariadb","Mariadb","resourcemanager/mariadb/armmariadb","NA","","mgmt","true","","","","","","",""
"sdk/resourcemanager/marketplace/armmarketplace","","0.2.0","Resource Management - Marketplace","Marketplace","resourcemanager/marketplace/armmarketplace","NA","","mgmt","true","","","","","","",""
"sdk/resourcemanager/marketplaceordering/armmarketplaceordering","","0.2.0","Resource Management - Marketplaceordering","Marketplaceordering","resourcemanager/marketplaceordering/armmarketplaceordering","NA","","mgmt","true","","","","","","",""
"sdk/resourcemanager/mediaservices/armmediaservices","","0.3.0","Resource Management - Media Services","Media Services","resourcemanager/mediaservices/armmediaservices","NA","","mgmt","true","","","","","","",""
"sdk/resourcemanager/mixedreality/armmixedreality","","0.2.0","Resource Management - Mixedreality","Mixedreality","resourcemanager/mixedreality/armmixedreality","NA","","mgmt","true","","","","","","",""
"sdk/resourcemanager/monitor/armmonitor","","0.4.0","Resource Management - Monitor","Monitor","resourcemanager/monitor/armmonitor","NA","","mgmt","true","","","","","","",""
"sdk/resourcemanager/mysql/armmysql","","0.3.0","Resource Management - MySQL","MySQL","resourcemanager/mysql/armmysql","NA","","mgmt","true","","","","","","",""
"sdk/resourcemanager/mysql/armmysqlflexibleservers","","0.3.0","Resource Management - MySQL Flexible Servers","MySQL","resourcemanager/mysql/armmysqlflexibleservers","NA","","mgmt","true","","","","","","",""
"sdk/resourcemanager/netapp/armnetapp","","0.2.0","Resource Management - Netapp","Netapp","resourcemanager/netapp/armnetapp","NA","","mgmt","true","","","","","","",""
"sdk/resourcemanager/network/armnetwork","","0.3.0","Resource Management - Network","Network","resourcemanager/network/armnetwork","NA","","mgmt","true","","","","","","",""
"sdk/resourcemanager/notificationhubs/armnotificationhubs","","0.3.0","Resource Management - Notification Hubs","Notification Hubs","resourcemanager/notificationhubs/armnotificationhubs","NA","","mgmt","true","","","","","","",""
"sdk/resourcemanager/oep/armoep","","0.1.0","Resource Management - Oep","Oep","resourcemanager/oep/armoep","NA","","mgmt","true","","","","","","",""
"sdk/resourcemanager/operationalinsights/armoperationalinsights","","0.3.0","Resource Management - Operational Insights","Operational Insights/","resourcemanager/operationalinsights/armoperationalinsights","NA","","mgmt","true","","","","","","",""
"sdk/resourcemanager/operationsmanagement/armoperationsmanagement","","0.3.0","Resource Management - Operations Management","Operations Management","resourcemanager/operationsmanagement/armoperationsmanagement","NA","","mgmt","true","","","","","","",""
"sdk/resourcemanager/orbital/armorbital","","0.2.0","Resource Management - Orbital","Orbital","resourcemanager/orbital/armorbital","NA","","mgmt","true","","","","","","",""
"sdk/resourcemanager/peering/armpeering","","0.2.0","Resource Management - Peering","Peering","resourcemanager/peering/armpeering","NA","","mgmt","true","","","","","","",""
"sdk/resourcemanager/resources/armpolicy","","0.3.0","Resource Management - Policy","Policy","resourcemanager/resources/armpolicy","NA","","mgmt","true","","","","","","",""
"sdk/resourcemanager/policyinsights/armpolicyinsights","","0.1.0","Resource Management - Policyinsights","Policyinsights","resourcemanager/policyinsights/armpolicyinsights","NA","","mgmt","true","","","","","","",""
"sdk/resourcemanager/portal/armportal","","0.2.0","Resource Management - Portal","Portal","resourcemanager/portal/armportal","NA","","mgmt","true","","","","","","",""
"sdk/resourcemanager/postgresql/armpostgresql","","0.3.0","Resource Management - PostgreSQL","PostgreSQL","resourcemanager/postgresql/armpostgresql","NA","","mgmt","true","","","","","","",""
"sdk/resourcemanager/postgresql/armpostgresqlflexibleservers","","0.3.0","Resource Management - PostgreSQL Flexible Servers","PostgreSQL","resourcemanager/postgresql/armpostgresqlflexibleservers","NA","","mgmt","true","","","","","","",""
"sdk/resourcemanager/postgresqlhsc/armpostgresqlhsc","","0.2.0","Resource Management - Postgresqlhsc","Postgresqlhsc","resourcemanager/postgresqlhsc/armpostgresqlhsc","NA","","mgmt","true","","","","","","",""
"sdk/resourcemanager/powerbidedicated/armpowerbidedicated","","0.2.0","Resource Management - Powerbidedicated","Powerbidedicated","resourcemanager/powerbidedicated/armpowerbidedicated","NA","","mgmt","true","","","","","","",""
"sdk/resourcemanager/powerbiembedded/armpowerbiembedded","","0.2.0","Resource Management - Powerbiembedded","Powerbiembedded","resourcemanager/powerbiembedded/armpowerbiembedded","NA","","mgmt","true","","","","","","",""
"sdk/resourcemanager/powerbiprivatelinks/armpowerbiprivatelinks","","0.2.0","Resource Management - Powerbiprivatelinks","Powerbiprivatelinks","resourcemanager/powerbiprivatelinks/armpowerbiprivatelinks","NA","","mgmt","true","","","","","","",""
"sdk/resourcemanager/privatedns/armprivatedns","","0.3.0","Resource Management - Private DNS","Private DNS","resourcemanager/privatedns/armprivatedns","NA","","mgmt","true","","","","","","",""
"sdk/resourcemanager/providerhub/armproviderhub","","0.2.0","Resource Management - Providerhub","Providerhub","resourcemanager/providerhub/armproviderhub","NA","","mgmt","true","","","","","","",""
"sdk/resourcemanager/purview/armpurview","","0.2.0","Resource Management - Purview","Purview","resourcemanager/purview/armpurview","NA","","mgmt","true","","","","","","",""
"sdk/resourcemanager/quantum/armquantum","","0.2.0","Resource Management - Quantum","Quantum","resourcemanager/quantum/armquantum","NA","","mgmt","true","","","","","","",""
"sdk/resourcemanager/quota/armquota","","0.2.0","Resource Management - Quota","Quota","resourcemanager/quota/armquota","NA","","mgmt","true","","","","","","",""
"sdk/resourcemanager/recoveryservices/armrecoveryservices","","0.3.0","Resource Management - Recovery Services","Recoveryservices","resourcemanager/recoveryservices/armrecoveryservices","NA","","mgmt","true","","","","","","",""
"sdk/resourcemanager/recoveryservices/armrecoveryservicesbackup","","0.2.0","Resource Management - Recoveryservicesbackup","Recoveryservices","resourcemanager/recoveryservices/armrecoveryservicesbackup","NA","","mgmt","true","","","","","","",""
"sdk/resourcemanager/recoveryservices/armrecoveryservicessiterecovery","","0.2.0","Resource Management - Recoveryservicessiterecovery","Recoveryservices","resourcemanager/recoveryservices/armrecoveryservicessiterecovery","NA","","mgmt","true","","","","","","",""
"sdk/resourcemanager/redhatopenshift/armredhatopenshift","","0.2.0","Resource Management - Redhatopenshift","Redhatopenshift","resourcemanager/redhatopenshift/armredhatopenshift","NA","","mgmt","true","","","","","","",""
"sdk/resourcemanager/redis/armredis","","0.3.0","Resource Management - Redis","Redis","resourcemanager/redis/armredis","NA","","mgmt","true","","","","","","",""
"sdk/resourcemanager/redisenterprise/armredisenterprise","","0.2.0","Resource Management - Redisenterprise","Redisenterprise","resourcemanager/redisenterprise/armredisenterprise","NA","","mgmt","true","","","","","","",""
"sdk/resourcemanager/relay/armrelay","","0.3.0","Resource Management - Relay","Relay","resourcemanager/relay/armrelay","NA","","mgmt","true","","","","","","",""
"sdk/resourcemanager/reservations/armreservations","","0.2.0","Resource Management - Reservations","Reservations","resourcemanager/reservations/armreservations","NA","","mgmt","true","","","","","","",""
"sdk/resourcemanager/resourcehealth/armresourcehealth","","0.3.0","Resource Management - Resource Health","Resourcehealth","resourcemanager/resourcehealth/armresourcehealth","NA","","mgmt","true","","","","","","",""
"sdk/resourcemanager/resourcegraph/armresourcegraph","","0.3.0","Resource Management - Resourcegraph","Resourcegraph","resourcemanager/resourcegraph/armresourcegraph","NA","","mgmt","true","","","","","","",""
"sdk/resourcemanager/resourcemover/armresourcemover","","0.2.0","Resource Management - Resourcemover","Resourcemover","resourcemanager/resourcemover/armresourcemover","NA","","mgmt","true","","","","","","",""
"sdk/resourcemanager/resources/armresources","","0.3.0","Resource Management - Resources","Resources","resourcemanager/resources/armresources","NA","","mgmt","true","","","","","","",""
"sdk/resourcemanager/saas/armsaas","","0.2.0","Resource Management - Saas","Saas","resourcemanager/saas/armsaas","NA","","mgmt","true","","","","","","",""
"sdk/resourcemanager/scheduler/armscheduler","","0.3.0","Resource Management - Scheduler","Scheduler","resourcemanager/scheduler/armscheduler","NA","","mgmt","true","","","","","","",""
"sdk/resourcemanager/search/armsearch","","0.3.0","Resource Management - Search","Search","resourcemanager/search/armsearch","NA","","mgmt","true","","","","","","",""
"sdk/resourcemanager/security/armsecurity","","0.3.0","Resource Management - Security","Security","resourcemanager/security/armsecurity","NA","","mgmt","true","","","","","","",""
"sdk/resourcemanager/securityinsight/armsecurityinsight","","0.2.0","Resource Management - Securityinsight","Securityinsight","resourcemanager/securityinsight/armsecurityinsight","NA","","mgmt","true","","","","","","",""
"sdk/resourcemanager/serialconsole/armserialconsole","","0.2.0","Resource Management - Serialconsole","Serialconsole","resourcemanager/serialconsole/armserialconsole","NA","","mgmt","true","","","","","","",""
"sdk/resourcemanager/servicebus/armservicebus","","0.3.0","Resource Management - Service Bus","Service Bus","resourcemanager/servicebus/armservicebus","NA","","mgmt","true","","","","","","",""
"sdk/resourcemanager/servicefabric/armservicefabric","","0.3.0","Resource Management - Service Fabric","Service Fabric","resourcemanager/servicefabric/armservicefabric","NA","","mgmt","true","","","","","","",""
"sdk/resourcemanager/servicefabricmesh/armservicefabricmesh","","0.2.0","Resource Management - Servicefabricmesh","Servicefabricmesh","resourcemanager/servicefabricmesh/armservicefabricmesh","NA","","mgmt","true","","","","","","",""
"sdk/resourcemanager/servicelinker/armservicelinker","","0.2.0","Resource Management - Servicelinker","Servicelinker","resourcemanager/servicelinker/armservicelinker","NA","","mgmt","true","","","","","","",""
"sdk/resourcemanager/signalr/armsignalr","","0.2.0","Resource Management - Signalr","Signalr","resourcemanager/signalr/armsignalr","NA","","mgmt","true","","","","","","",""
"sdk/resourcemanager/sql/armsql","","0.3.0","Resource Management - SQL","SQL","resourcemanager/sql/armsql","NA","","mgmt","true","","","","","","",""
"sdk/resourcemanager/sqlvirtualmachine/armsqlvirtualmachine","","0.2.0","Resource Management - SQL Virtual Machine","SQL Server on Virtual Machine","resourcemanager/sqlvirtualmachine/armsqlvirtualmachine","NA","","mgmt","true","","","","","","",""
"sdk/resourcemanager/storage/armstorage","","0.3.0","Resource Management - Storage","Storage","resourcemanager/storage/armstorage","NA","","mgmt","true","","","","","","",""
"sdk/resourcemanager/storagecache/armstoragecache","","0.2.0","Resource Management - Storagecache","Storagecache","resourcemanager/storagecache/armstoragecache","NA","","mgmt","true","","","","","","",""
"sdk/resourcemanager/storageimportexport/armstorageimportexport","","0.2.0","Resource Management - Storageimportexport","Storageimportexport","resourcemanager/storageimportexport/armstorageimportexport","NA","","mgmt","true","","","","","","",""
"sdk/resourcemanager/storagepool/armstoragepool","","0.2.0","Resource Management - Storagepool","Storagepool","resourcemanager/storagepool/armstoragepool","NA","","mgmt","true","","","","","","",""
"sdk/resourcemanager/storagesync/armstoragesync","","0.2.0","Resource Management - Storagesync","Storagesync","resourcemanager/storagesync/armstoragesync","NA","","mgmt","true","","","","","","",""
"sdk/resourcemanager/streamanalytics/armstreamanalytics","","0.3.0","Resource Management - Stream Analytics","Stream Analytics","resourcemanager/streamanalytics/armstreamanalytics","NA","","mgmt","true","","","","","","",""
"sdk/resourcemanager/subscription/armsubscription","","0.2.0","Resource Management - Subscription","Subscription","resourcemanager/subscription/armsubscription","NA","","mgmt","true","","","","","","",""
"sdk/resourcemanager/resources/armsubscriptions","","0.2.0","Resource Management - Subscriptions","Subscriptions","resourcemanager/resources/armsubscriptions","NA","","mgmt","true","","","","","","",""
"sdk/resourcemanager/support/armsupport","","0.2.0","Resource Management - Support","Support","resourcemanager/support/armsupport","NA","","mgmt","true","","","","","","",""
"sdk/resourcemanager/synapse/armsynapse","","0.2.0","Resource Management - Synapse","Synapse","resourcemanager/synapse/armsynapse","NA","","mgmt","true","","","","","","",""
"sdk/resourcemanager/resources/armtemplatespecs","","0.2.0","Resource Management - Template Specs","Template Specs","resourcemanager/resources/armtemplatespecs","NA","","mgmt","true","","","","","","",""
"sdk/resourcemanager/testbase/armtestbase","","0.2.0","Resource Management - Testbase","Testbase","resourcemanager/testbase/armtestbase","NA","","mgmt","true","","","","","","",""
"sdk/resourcemanager/trafficmanager/armtrafficmanager","","0.2.0","Resource Management - Trafficmanager","Trafficmanager","resourcemanager/trafficmanager/armtrafficmanager","NA","","mgmt","true","","","","","","",""
"sdk/resourcemanager/web/armweb","","0.2.1","Resource Management - Web","Web","resourcemanager/web/armweb","NA","","mgmt","true","","","","","","",""
"sdk/resourcemanager/webpubsub/armwebpubsub","","0.2.0","Resource Management - Webpubsub","Webpubsub","resourcemanager/webpubsub/armwebpubsub","NA","","mgmt","true","","","","","","",""
"sdk/resourcemanager/windowsesu/armwindowsesu","","0.2.0","Resource Management - Windowsesu","Windowsesu","resourcemanager/windowsesu/armwindowsesu","NA","","mgmt","true","","","","","","",""
"sdk/resourcemanager/windowsiot/armwindowsiot","","0.2.0","Resource Management - Windowsiot","Windowsiot","resourcemanager/windowsiot/armwindowsiot","NA","","mgmt","true","","","","","","",""
"sdk/resourcemanager/workloadmonitor/armworkloadmonitor","","0.2.0","Resource Management - Workloadmonitor","Workloadmonitor","resourcemanager/workloadmonitor/armworkloadmonitor","NA","","mgmt","true","","","","","","",""
"sdk/internal","","0.9.1","sdk/internal","Internal","sdk/internal","NA","NA","","false","","","","true","","","Hide internal package"
"sdk/keyvault/internal","","0.2.1","sdk/keyvault/internal","Keyvault","keyvault/internal","NA","NA","","false","","","","true","","","Hide internal package"
"sdk/template/aztemplate","","0.1.0","sdk/template/aztemplate","Template","template/aztemplate","NA","NA","","false","","","","","","",""
"appinsights","","0.4.4","Application Insights","Monitor","https://github.com/Microsoft/ApplicationInsights-go/","https://azure.microsoft.com/services/monitor/#overview","https://pkg.go.dev/github.com/microsoft/ApplicationInsights-Go/appinsights","client","false","","","","","","",""
"azure-event-hubs-go","3.3.12","","Event Hubs","Event Hubs","https://github.com/Azure/azure-event-hubs-go/","https://azure.microsoft.com/services/event-hubs/#overview","https://pkg.go.dev/github.com/Azure/azure-event-hubs-go/v3","client","false","","","","","","",""
"kusto","","0.4.0","Kusto","Data Explorer","https://github.com/Azure/azure-kusto-go/","https://azure.microsoft.com/en-us/services/data-explorer/#overview","https://pkg.go.dev/github.com/Azure/azure-kusto-go","client","false","","","","","","",""
"microsoft-authentication-library-for-go","","0.3.0","MSAL","MSAL","https://github.com/AzureAD/microsoft-authentication-library-for-go/","https://docs.microsoft.com/azure/active-directory/develop/#quickstarts","https://pkg.go.dev/github.com/AzureAD/microsoft-authentication-library-for-go","client","false","","","","","","",""
"azure-service-bus-go","","0.10.14","Service Bus","Service Bus","https://github.com/Azure/azure-service-bus-go/","https://azure.microsoft.com/services/service-bus/#overview","https://pkg.go.dev/github.com/Azure/azure-service-bus-go#section-readme","client","false","","","","","","",""
"azblob","","0.14.0","Storage - Blobs","Storage","https://github.com/Azure/azure-storage-blob-go/","https://docs.microsoft.com/azure/storage/blobs/storage-quickstart-blobs-go","https://pkg.go.dev/github.com/Azure/azure-storage-blob-go/azblob","client","false","","","","","","",""
"azfile","","0.8.0","Storage - Files","Storage","https://github.com/Azure/azure-storage-file-go/","NA","https://pkg.go.dev/github.com/Azure/azure-storage-file-go/azfile","client","false","","","","","","",""
"azqueue","","0.14.0","Storage - Queues","Storage","https://github.com/Azure/azure-storage-queue-go/","NA","https://pkg.go.dev/github.com/Azure/azure-storage-queue-go/azqueue","client","false","","","","","","",""
"sdk/synapse/azartifacts","","0.1.1","Synapse","Synapse","synapse/azartifacts","NA","","client","true","1.0.0,01/08/2022","","","true","","","Hide retracted package"
"management ","56.0.0","","Management packages (old)","Management packages (old)","https://github.com/Azure/azure-sdk-for-go/tree/main/services","NA","https://pkg.go.dev/github.com/Azure/azure-sdk-for-go/services","mgmt","false","","","","","","",""
