"Package","VersionGA","VersionPreview","DisplayName","ServiceName","RepoPath","MSDocs","GHDocs","Type","New","PlannedVersions","FirstGADate","Support","Hide","Replace","Notes"
"@azure/ai-anomaly-detector","","3.0.0-beta.3","Anomaly Detector","Anomaly Detector","anomalydetector","","","client","true","","","","","@azure/cognitiveservices-anomalydetector",""
"@azure/app-configuration","1.3.0","","App Configuration","App Configuration","appconfiguration","","","client","true","","01/07/2020","active","","",""
"@azure/attestation","1.0.0","","Attestation","Attestation","attestation","","","client","true","","08/13/2021","","","",""
"@azure-rest/confidential-ledger","","1.0.0-beta.2","Azure Confidential Ledger","Azure Confidential Ledger","https://github.com/Azure/azure-sdk-for-js/tree/@azure-rest/confidential-ledger_item.Version/sdk/confidentialledger/confidential-ledger-rest","NA","NA","client","true","","","","","",""
"@azure/mixed-reality-authentication","","1.0.0-beta.1","Azure Mixed Reality Authentication","Mixed Reality","mixedreality","","","client","true","","","","","",""
"@azure/mixed-reality-remote-rendering","","1.0.0-beta.1","Azure Remote Rendering","Mixed Reality","remoterendering","","","client","true","","","","","",""
"@azure/video-analyzer-edge","","1.0.0-beta.3","Azure Video Analyzer Edge","Video Analyzer","videoanalyzer","","","client","true","","","","","",""
"@azure/search-documents","11.2.1","11.3.0-beta.4","Cognitive Search","Search","search","","","client","true","11.3.0-beta.5,11/09/2021","07/06/2020","active","","@azure/search",""
"@azure/communication-chat","1.1.1","","Communication Chat","Communication","communication","","","client","true","","03/29/2021","active","","",""
"@azure/communication-common","1.1.0","","Communication Common","Communication","communication","","","client","true","","03/22/2021","active","","",""
"@azure/communication-identity","1.0.0","1.1.0-beta.1","Communication Identity","Communication","communication","","","client","true","","03/29/2021","active","","",""
"@azure/communication-network-traversal","","1.0.0-beta.2","Communication Network Traversal","Communication","communication","","","client","true","","","","","",""
"@azure/communication-phone-numbers","1.0.0","","Communication Phone Numbers","Communication","communication","","","client","true","","04/26/2021","","","",""
"@azure/communication-sms","1.0.0","","Communication Sms","Communication","communication","","","client","true","","03/29/2021","active","","",""
"@azure/container-registry","","1.0.0-beta.5","Container Registry","Container Registry","containerregistry","","","client","true","1.0.0-beta.6,11/09/2021","","","","",""
"@azure/abort-controller","1.0.4","","Core - Abort Controller","Core","core","","","client","true","","10/29/2019","active","","",""
"@azure/core-amqp","3.0.0","","Core - AMQP","Core","core","","","client","true","","01/08/2020","active","","",""
"@azure/core-auth","1.3.2","","Core - Auth","Core","core","","","client","true","","10/29/2019","active","","",""
"@azure/core-client","1.3.2","","Core - Client","Core","core","","","client","true","","03/15/2021","active","","",""
"@azure-rest/core-client-paging","","1.0.0-beta.1","Core - Client Paging","Core","https://github.com/Azure/azure-sdk-for-js/tree/@azure-rest/core-client-paging_item.Version/sdk/core/core-client-paging-rest","NA","NA","client","true","","","","","",""
"@azure/core-http","2.2.2","","Core - HTTP","Core","core","","","client","true","","10/29/2019","active","","",""
"@azure/logger","1.0.3","","Core - Logger","Core","core","","","client","true","","10/29/2019","active","","",""
"@azure/core-lro","2.2.1","","Core - LRO","Core","core","","","client","true","","10/29/2019","active","","",""
"@azure-rest/core-client","","1.0.0-beta.8","Core - Rest","Core","https://github.com/Azure/azure-sdk-for-js/tree/@azure-rest/core-client_item.Version/sdk/core/core-client-rest","NA","NA","client","true","","","","","",""
"@azure/core-tracing","","1.0.0-preview.13","Core - Tracing","Core","core","","","client","true","","","","","",""
"@azure/core-xml","1.0.0","","Core - XML","Core","core","","","client","true","","08/05/2021","","","",""
"@azure/core-rest-pipeline","1.3.2","","Core Rest Pipeline","Core","core","","","client","true","","03/15/2021","active","","",""
"@azure/core-util","","1.0.0-beta.1","Core Utils","Core","core","","","client","true","","","","","",""
"@azure/cosmos","3.14.1","","Cosmos DB","Cosmos DB","cosmosdb","","","client","true","","09/24/2019","active","","",""
"@azure/digital-twins-core","1.0.3","","Digital Twins - Core","IoT","digitaltwins","","","client","true","","11/03/2020","active","","",""
"@azure-rest/ai-document-translator","","1.0.0-beta.1","Document Translation","Document Translation","https://github.com/Azure/azure-sdk-for-js/tree/@azure-rest/ai-document-translator_item.Version/sdk/documenttranslator/ai-document-translator-rest","NA","NA","client","true","","","","","",""
"@azure/eventgrid","4.5.0","","Event Grid","Event Grid","eventgrid","","","client","true","","12/04/2019","active","","",""
"@azure/event-hubs","5.6.0","","Event Hubs","Event Hubs","eventhub","","","client","true","5.7.0-beta.1,11/09/2021","03/27/2019","active","","",""
"@azure/eventhubs-checkpointstore-blob","1.0.1","","Event Hubs - Azure Blob Storage Checkpoint Store","Event Hubs","eventhub","","","client","true","","01/09/2020","active","","",""
"@azure-rest/agrifood-farming","","1.0.0-beta.1","farmbeats","farmbeats","https://github.com/azure/azure-sdk-for-js/tree/@azure-rest/agrifood-farming_item.Version/sdk/agrifood/agrifood-farming-rest","NA","NA","client","true","","","","","",""
"@azure/ai-form-recognizer","3.2.0","4.0.0-beta.1","Form Recognizer","Form Recognizer","formrecognizer","","","client","true","","08/20/2020","active","","@azure/cognitiveservices-formrecognizer",""
"@azure/identity","2.0.1","","Identity","Identity","identity","","","client","true","","10/29/2019","active","","",""
"@azure/identity-cache-persistence","1.0.0","","Identity Cache Persistence","Identity","identity","","","client","true","","10/15/2021","","","",""
"@azure/identity-vscode","1.0.0","","Identity Visual Studio Code Credential","Identity","identity","","","client","true","","10/15/2021","","","",""
"@azure/iot-device-update","","1.0.0-beta.1","IoT Device Update","IoT Device Update","deviceupdate","","","client","true","","","","","",""
"@azure/keyvault-admin","4.1.0","4.2.0-beta.1","Key Vault - Administration","Key Vault","keyvault","","","client","true","4.2.0-beta.2,11/09/2021","06/15/2021","","","",""
"@azure/keyvault-certificates","4.3.0","4.4.0-beta.1","Key Vault - Certificates","Key Vault","keyvault","","","client","true","4.4.0-beta.2,11/09/2021","01/07/2020","active","","",""
"@azure/keyvault-keys","4.3.0","4.4.0-beta.2","Key Vault - Keys","Key Vault","keyvault","","","client","true","4.4.0-beta.3,11/09/2021","10/30/2019","active","","",""
"@azure/keyvault-secrets","4.3.0","4.4.0-beta.1","Key Vault - Secrets","Key Vault","keyvault","","","client","true","4.4.0-beta.2,11/09/2021","10/30/2019","active","","",""
"@azure/ai-metrics-advisor","1.0.0","","Metrics Advisor","Metrics Advisor","metricsadvisor","","","client","true","","07/06/2021","","","",""
"@azure/monitor-opentelemetry-exporter","","1.0.0-beta.5","Monitor OpenTelemetry Exporter","Monitor","monitor","","","client","true","","","","","",""
"@azure/monitor-query","1.0.0","","Monitor Query","Monitor","monitor","","","client","true","","10/07/2021","","","",""
"@azure-rest/purview-account","","1.0.0-beta.1","Purview Account","Purview","https://github.com/Azure/azure-sdk-for-js/tree/@azure-rest/purview-account_item.Version/sdk/purview/purview-account-rest","NA","NA","client","true","","","","","",""
"@azure-rest/purview-administration","","1.0.0-beta.1","Purview Administration","Purview Administration","https://github.com/Azure/azure-sdk-for-js/tree/@azure-rest/purview-administration_item.Version/sdk/purview/purview-administration-rest","NA","NA","client","true","","","","","",""
"@azure-rest/purview-catalog","","1.0.0-beta.3","Purview Catalog","Purview","https://github.com/Azure/azure-sdk-for-js/tree/@azure-rest/purview-catalog_item.Version/sdk/purview/purview-catalog-rest","NA","NA","client","true","","","","","",""
"@azure-rest/purview-scanning","","1.0.0-beta.2","Purview Scanning","Purview","https://github.com/Azure/azure-sdk-for-js/tree/@azure-rest/purview-scanning_item.Version/sdk/purview/purview-scanning-rest","NA","NA","client","true","","","","","",""
"@azure/schema-registry","","1.0.0-beta.3","Schema Registry","Schema Registry","schemaregistry","","","client","true","1.0.0,11/09/2021","","","","",""
"@azure/schema-registry-avro","","1.0.0-beta.3","Schema Registry - Avro","Schema Registry","schemaregistry","","","client","true","","","","","",""
"@azure/service-bus","7.3.0","7.4.0-beta.1","Service Bus","Service Bus","servicebus","","","client","true","","05/16/2019","active","","",""
"@azure/storage-blob","12.8.0","","Storage - Blobs","Storage","storage","","","client","true","","07/26/2019","active","","",""
"@azure/storage-blob-changefeed","","12.0.0-preview.2","Storage - Blobs ChangeFeed","Storage","storage","","","client","true","","","","","",""
"@azure/storage-file-datalake","12.7.0","","Storage - Files Data Lake","Data Lake Storage (Gen 2)","storage","","","client","true","","03/10/2020","active","","",""
"@azure/storage-file-share","12.8.0","","Storage - Files Shares","Storage","storage","","","client","true","","12/04/2019","active","","",""
"@azure/storage-queue","12.7.0","","Storage - Queues","Storage","storage","","","client","true","","07/26/2019","active","","",""
"@azure/synapse-access-control","","1.0.0-beta.3","Synapse - AccessControl","Synapse Analytics","synapse","","","client","true","","","","","",""
"@azure/synapse-artifacts","","1.0.0-beta.6","Synapse - Artifacts","Synapse Analytics","synapse","","","client","true","1.0.0-beta.7,11/09/2021","","","","",""
"@azure/synapse-managed-private-endpoints","","1.0.0-beta.4","Synapse - Managed Private Endpoints","Synapse Analytics","synapse","","","client","true","","","","","",""
"@azure/synapse-monitoring","","1.0.0-beta.2","Synapse - Monitoring","Synapse Analytics","synapse","","","client","true","","","","","",""
"@azure/synapse-spark","","1.0.0-beta.4","Synapse - Spark","Synapse Analytics","synapse","","","client","true","","","","","",""
"@azure/data-tables","12.1.2","","Tables","Tables","tables","","","client","true","","06/09/2021","","","",""
"@azure/ai-text-analytics","5.1.0","5.2.0-beta.2","Text Analytics","Text Analytics","textanalytics","","","client","true","","06/09/2020","active","","@azure/cognitiveservices-textanalytics",""
"@azure/web-pubsub","","1.0.0-beta.3","Web PubSub","Web PubSub","web-pubsub","","","client","true","","","","","",""
"@azure/web-pubsub-express","","1.0.0-beta.3","Web PubSub CloudEvents Handlers for Express","Web PubSub","web-pubsub","","","client","true","","","","","",""
"@azure/arm-servicefabric","1.1.1","2.0.0-beta.1","@azure/arm-servicefabric","Resource Management - Service Fabric","https://github.com/Azure/azure-sdk-for-js/tree/main/sdk/servicefabric/arm-servicefabric","NA","NA","mgmt","true","","","active","","",""
"@azure/arm-resources-subscriptions","1.0.1","2.0.0-beta.1","Resouce Management - Resources Subscriptions","Resources Subscriptions","resources-subscriptions","","NA","mgmt","true","","","","","",""
"@azure/arm-apimanagement","7.1.2","8.0.0-beta.1","Resource Management - Api Management","API Management","https://github.com/Azure/azure-sdk-for-js/tree/main/sdk/apimanagement/arm-apimanagement","","NA","mgmt","true","","","","","",""
"@azure/arm-appplatform","1.4.0","2.0.0-beta.1","Resource Management - App Platform","Spring Cloud","https://github.com/Azure/azure-sdk-for-js/tree/main/sdk/appplatform/arm-appplatform","","NA","mgmt","true","","","","","",""
"@azure/arm-appservice","9.0.0","10.0.0-beta.1","Resource Management - App Service","App Service","https://github.com/Azure/azure-sdk-for-js/tree/main/sdk/appservice/arm-appservice","","NA","mgmt","true","","","","","",""
"@azure/arm-authorization","8.4.1","9.0.0-beta.1","Resource Management - Authorization","Authorization","https://github.com/Azure/azure-sdk-for-js/tree/main/sdk/authorization/arm-authorization","","NA","mgmt","true","","","","","",""
"@azure/arm-compute","16.5.0","17.0.0-beta.2","Resource Management - Compute","Compute","https://github.com/Azure/azure-sdk-for-js/tree/main/sdk/compute/arm-compute","","NA","mgmt","true","","","","","",""
"@azure/arm-containerregistry","8.1.1","10.0.0-beta.1","Resource Management - Container Registry","Container Registry","https://github.com/Azure/azure-sdk-for-js/tree/main/sdk/containerregistry/arm-containerregistry","","NA","mgmt","true","","","","","",""
"@azure/arm-containerservice","14.2.0","15.0.0-beta.1","Resource Management - Container Service","Container Service","https://github.com/Azure/azure-sdk-for-js/tree/main/sdk/containerservice/arm-containerservice","","NA","mgmt","true","","","","","",""
"@azure/arm-databricks","2.0.0","3.0.0-beta.1","Resource Management - Databricks","Databricks","https://github.com/Azure/azure-sdk-for-js/tree/main/sdk/databricks/arm-databricks","","NA","mgmt","true","","","","","",""
"@azure/arm-eventgrid","11.0.1","12.0.0-beta.1","Resource Management - Event Grid","Event Grid","https://github.com/Azure/azure-sdk-for-js/tree/main/sdk/eventgrid/arm-eventgrid","","NA","mgmt","true","","","","","",""
"@azure/arm-eventhub","4.0.0","5.0.0-beta.1","Resource Management - Event Hubs","Event Hubs","https://github.com/Azure/azure-sdk-for-js/tree/main/sdk/eventhub/arm-eventhub","","NA","mgmt","true","","","","","",""
"@azure/arm-extendedlocation","","1.0.0-beta.1","Resource Management - Extendedlocation","Extendedlocation","extendedlocation","","","mgmt","true","","","","","",""
"@azure/arm-features","2.0.0","3.0.0-beta.1","Resource Management - Features","Features","https://github.com/Azure/azure-sdk-for-js/tree/main/sdk/features/arm-features","","NA","mgmt","true","","","","","",""
"@azure/arm-keyvault","1.3.2","2.0.0-beta.1","Resource Management - Key Vault","Key Vault","https://github.com/Azure/azure-sdk-for-js/tree/main/sdk/keyvault/arm-keyvault","","NA","mgmt","true","","","","","",""
"@azure/arm-links","1.1.2","2.0.0-beta.1","Resource Management - Links","Links","https://github.com/Azure/azure-sdk-for-js/tree/main/sdk/links/arm-links","","NA","mgmt","true","","","","","",""
"@azure/arm-locks","1.2.2","2.0.0-beta.1","Resource Management - Locks","Locks","https://github.com/Azure/azure-sdk-for-js/tree/main/sdk/locks/arm-locks","","NA","mgmt","true","","","","","",""
"@azure/arm-logic","7.1.1","8.0.0-beta.1","Resource Management - Logic Apps","Logic Apps","https://github.com/Azure/azure-sdk-for-js/tree/main/sdk/logic/arm-logic","","NA","mgmt","true","","","","","",""
"@azure/arm-managedapplications","1.1.2","2.0.0-beta.1","Resource Management - Managed Applications","Managed Applications","https://github.com/Azure/azure-sdk-for-js/tree/main/sdk/managedapplications/arm-managedapplications","","NA","mgmt","true","","","","","",""
"@azure/arm-mediaservices","9.0.0","10.0.0-beta.1","Resource Management - Media Services","Media Services","https://github.com/Azure/azure-sdk-for-js/tree/main/sdk/mediaservices/arm-mediaservices","","NA","mgmt","true","","","","","",""
"@azure/arm-network","25.3.0","26.0.0-beta.2","Resource Management - Network","Virtual Network","https://github.com/Azure/azure-sdk-for-js/tree/main/sdk/network/arm-network","","NA","mgmt","true","","","","","",""
"@azure/arm-notificationhubs","1.3.1","2.0.0-beta.1","Resource Management - Notification Hubs","Notification Hubs","https://github.com/Azure/azure-sdk-for-js/tree/main/sdk/notificationhubs/arm-notificationhubs","","NA","mgmt","true","","","","","",""
"@azure/arm-operationalinsights","7.1.1","8.0.0-beta.1","Resource Management - Operational Insights","Monitor","https://github.com/Azure/azure-sdk-for-js/tree/main/sdk/operationalinsights/arm-operationalinsights","","NA","mgmt","true","","","","","",""
"@azure/arm-operations","3.0.0","4.0.0-beta.1","Resource Management - Operations","Operations Management","https://github.com/Azure/azure-sdk-for-js/tree/main/sdk/operationsmanagement/arm-operations","","NA","mgmt","true","","","","","",""
"@azure/arm-policy","4.2.0","5.0.0-beta.2","Resource Management - Policy","Policy","https://github.com/Azure/azure-sdk-for-js/tree/main/sdk/policy/arm-policy","","NA","mgmt","true","","","","","",""
"@azure/arm-postgresql","5.2.0","6.0.0-beta.1","Resource Management - PostgreSQL","Database for PostgreSQL","https://github.com/Azure/azure-sdk-for-js/tree/main/sdk/postgresql/arm-postgresql","","NA","mgmt","true","","","","","",""
"@azure/arm-purview","","1.0.0-beta.1","Resource Management - Purview","Purview","purview","","","mgmt","true","","","","","",""
"@azure/arm-quota","","1.0.0-beta.2","Resource Management - Quota","Quota","quota","","","mgmt","true","","","","","",""
"@azure/arm-recoveryservices","4.2.1","5.0.0-beta.1","Resource Management - Recovery Services","Site Recovery","https://github.com/Azure/azure-sdk-for-js/tree/main/sdk/recoveryservices/arm-recoveryservices","","NA","mgmt","true","","","","","",""
"@azure/arm-rediscache","5.0.0","6.0.0-beta.1","Resource Management - Redis Cache","Redis Cache","https://github.com/Azure/azure-sdk-for-js/tree/main/sdk/redis/arm-rediscache","","NA","mgmt","true","","","","","",""
"@azure/arm-resources","4.2.2","5.0.0-beta.1","Resource Management - Resources","Resources","https://github.com/Azure/azure-sdk-for-js/tree/main/sdk/resources/arm-resources","","NA","mgmt","true","","","","","",""
"@azure/arm-security","3.0.0","4.0.0-beta.1","Resource Management - Security","Security Center","https://github.com/Azure/azure-sdk-for-js/tree/main/sdk/security/arm-security","","NA","mgmt","true","","","","","",""
"@azure/arm-servicebus","4.1.1","5.0.0-beta.1","Resource Management - Service Bus","Service Bus","https://github.com/Azure/azure-sdk-for-js/tree/main/sdk/servicebus/arm-servicebus","","NA","mgmt","true","","","","","",""
"@azure/arm-sql","8.0.0","9.0.0-beta.1","Resource Management - SQL","SQL","https://github.com/Azure/azure-sdk-for-js/tree/main/sdk/sql/arm-sql","","NA","mgmt","true","","","","","",""
"@azure/arm-storage","16.1.2","17.0.0-beta.1","Resource Management - Storage","Storage","https://github.com/Azure/azure-sdk-for-js/tree/main/sdk/storage/arm-storage","","NA","mgmt","true","","","","","",""
"@azure/arm-streamanalytics","2.1.1","3.0.0-beta.1","Resource Management - Stream Analytics","Stream Analytics","https://github.com/Azure/azure-sdk-for-js/tree/main/sdk/streamanalytics/arm-streamanalytics","","NA","mgmt","true","","","","","",""
"@azure/arm-templatespecs","","1.0.0-beta.1","Resource Management - Template Specs","Template Specs","templatespecs","","","mgmt","true","","","","","",""
"@azure/arm-videoanalyzer","","1.0.0-beta.1","Resource Management - Videoanalyzer","Videoanalyzer","videoanalyzer","","","mgmt","true","","","","","",""
"@azure/arm-webpubsub","","1.0.0-beta.1","Resource Management - WebPubSub","WebPubSub","web-pubsub","","","mgmt","true","","","","","",""
"","","","","Active Directory","","NA","NA","","","","","","true","",""
"","","","","Active Directory B2C","","NA","NA","","","","","","true","",""
"","","","","Advanced Threat Protection","","NA","NA","","","","","","true","",""
"","","","","Alert Management","","NA","NA","","","","","","true","",""
"","","","","API Apps","","NA","NA","","","","","","true","",""
"","","","","Application Gateway","","NA","NA","","","","","","true","",""
"","","","","Arc Enabled Servers","","NA","NA","","","","","","true","",""
"","","","","Archive Storage","","NA","NA","","","","","","true","",""
"","","","","Artifacts","","NA","NA","","","","","","true","",""
"","","","","Automanage","","NA","NA","","","","","","true","",""
"","","","","Avere vFXT for Azure","","NA","NA","","","","","","true","",""
"","","","","Backup","","NA","NA","","","","","","true","",""
"","","","","Bastion","","NA","NA","","","","","","true","",""
"","","","","Blockchain Service","","NA","NA","","","","","","true","",""
"","","","","Blockchain Tokens","","NA","NA","","","","","","true","",""
"","","","","Blockchain Workbench","","NA","NA","","","","","","true","",""
"","","","","Blueprints","","NA","NA","","","","","","true","",""
"","","","","Boards","","NA","NA","","","","","","true","",""
"","","","","Cloud Services","","NA","NA","","","","","","true","",""
"","","","","Cloud Shell","","NA","NA","","","","","","true","",""
"","","","","Common Data Service","","NA","NA","","","","","","true","",""
"","","","","Content Protection","","NA","NA","","","","","","true","",""
"","","","","Customer Lockbox for Microsoft Azure","","NA","NA","","","","","","true","",""
"","","","","CycleCloud","","NA","NA","","","","","","true","",""
"","","","","Data Lake Analytics","","NA","NA","","","","","","true","",""
"","","","","Data Science Virtual Machines","","NA","NA","","","","","","true","",""
"","","","","Data Share","","NA","NA","","","","","","true","",""
"","","","","Datadog","","NA","NA","","","","","","true","",""
"","","","","DDoS Protection Standard","","NA","NA","","","","","","true","",""
"","","","","Dedicated Host","","NA","NA","","","","","","true","",""
"","","","","Dedicated HSM","","NA","NA","","","","","","true","",""
"","","","","Devices","","NA","NA","","","","","","true","",""
"","","","","DevOps","","NA","NA","","","","","","true","",""
"","","","","Disk Storage","","NA","NA","","","","","","true","",""
"","","","","Encoding","","NA","NA","","","","","","true","",""
"","","","","ExpressRoute","","NA","NA","","","","","","true","",""
"","","","","Firewall","","NA","NA","","","","","","true","",""
"","","","","Firewall Manager","","NA","NA","","","","","","true","",""
"","","","","Functions","","NA","NA","","","","","","true","",""
"","","","","FXT Edge Filer","","NA","NA","","","","","","true","",""
"","","","","Guest Configuration","","NA","NA","","","","","","true","",""
"","","","","HPC Cache","","NA","NA","","","","","","true","",""
"","","","","Information Protection","","NA","NA","","","","","","true","",""
"","","","","Ink Recognizer","","NA","NA","","","","","","true","",""
"","","","","Internet Analyzer","","NA","NA","","","","","","true","",""
"","","","","Intune","","NA","NA","","","","","","true","",""
"","","","","IoT Edge","","NA","NA","","","","","","true","",""
"","","","","IoT solution accelerators","","NA","NA","","","","","","true","",""
"","","","","Kinect Developer Kit","","NA","NA","","","","","","true","",""
"","","","","Kubernetes Service","","NA","NA","","","","","","true","",""
"","","","","Lighthouse","","NA","NA","","","","","","true","",""
"","","","","Linux Virtual Machines","","NA","NA","","","","","","true","",""
"","","","","Live and On-Demand Streaming","","NA","NA","","","","","","true","",""
"","","","","Load Balancer","","NA","NA","","","","","","true","",""
"","","","","Machine Learning Studio","","NA","NA","","","","","","true","",""
"","","","","Managed Disks","","NA","NA","","","","","","true","",""
"","","","","Managed Services","","NA","NA","","","","","","true","",""
"","","","","Marketplace","","NA","NA","","","","","","true","",""
"","","","","Media Player","","NA","NA","","","","","","true","",""
"","","","","Microsoft Azure portal","","NA","NA","","","","","","true","",""
"","","","","Microsoft Genomics","","NA","NA","","","","","","true","",""
"","","","","Mobile Apps","","NA","NA","","","","","","true","",""
"","","","","Network Watcher","","NA","NA","","","","","","true","",""
"","","","","Open Datasets","","NA","NA","","","","","","true","",""
"","","","","Pipelines","","NA","NA","","","","","","true","",""
"","","","","Power Apps","","NA","NA","","","","","","true","",""
"","","","","Power Automate","","NA","NA","","","","","","true","",""
"","","","","Private Link","","NA","NA","","","","","","true","",""
"","","","","R Server for HDInsight","","NA","NA","","","","","","true","",""
"","","","","Red Hat OpenShift (ARO)","","NA","NA","","","","","","true","",""
"","","","","Remote Rendering","","NA","NA","","","","","","true","",""
"","","","","RemoteApp","","NA","NA","","","","","","true","",""
"","","","","Repos","","NA","NA","","","","","","true","",""
"","","","","Resource Explorer","","NA","NA","","","","","","true","",""
"","","","","Resource Manager","","NA","NA","","","","","","true","",""
"","","","","Resource Manager templates","","NA","NA","","","","","","true","",""
"","","","","Resource Mover","","NA","NA","","","","","","true","",""
"","","","","RTOS","","NA","NA","","","","","","true","",""
"","","","","Scheduler","","NA","NA","","","","","","true","",""
"","","","","Sentinel","","NA","NA","","","","","","true","",""
"","","","","Server Management","","NA","NA","","","","","","true","",""
"","","","","Service Health","","NA","NA","","","","","","true","",""
"","","","","Spatial Anchors","","NA","NA","","","","","","true","",""
"","","","","Speaker Recognition","","NA","NA","","","","","","true","",""
"","","","","Speech Translation","","NA","NA","","","","","","true","",""
"","","","","Sphere","","NA","NA","","","","","","true","",""
"","","","","Spring Cloud","","NA","NA","","","","","","true","",""
"","","","","SQL Database","","NA","NA","","","","","","true","",""
"","","","","SQL Database Edge","","NA","NA","","","","","","true","",""
"","","","","SQL Managed Instance","","NA","NA","","","","","","true","",""
"","","","","Storage Explorer","","NA","NA","","","","","","true","",""
"","","","","Test Plans","","NA","NA","","","","","","true","",""
"","","","","Video Indexer","","NA","NA","","","","","","true","",""
"","","","","Virtual Machine Scale Sets","","NA","NA","","","","","","true","",""
"","","","","Virtual WAN","","NA","NA","","","","","","true","",""
"","","","","Visual Studio App Center","","NA","NA","","","","","","true","",""
"","","","","Visual Studio Code","","NA","NA","","","","","","true","",""
"","","","","Visual Studio Online","","NA","NA","","","","","","true","",""
"","","","","VPN Gateway","","NA","NA","","","","","","true","",""
"","","","","Web App for Containers","","NA","NA","","","","","","true","",""
"","","","","Web Apps","","NA","NA","","","","","","true","",""
"","","","","WebJobs","","NA","NA","","","","","","true","",""
"","","","","Windows 10 IoT Core Services","","NA","NA","","","","","","true","",""
"","","","","Windows Virtual Desktop","","NA","NA","","","","","","true","",""
"","","","","Xamarin","","NA","NA","","","","","","true","",""
"@autorest/adl","","0.0.2","@autorest/adl","","NA","NA","NA","","false","","","","","",""
"@autorest/cadl","","0.0.2","@autorest/cadl","","NA","NA","NA","","false","","","","","",""
"@autorest/codemodel","4.17.1","","@autorest/codemodel","","NA","NA","NA","","false","","","active","","",""
"@autorest/common","1.3.0","","@autorest/common","","NA","NA","NA","","false","","","active","","",""
"@autorest/configuration","1.7.3","","@autorest/configuration","","NA","NA","NA","","false","","","active","","",""
"@autorest/csharp","","3.0.0-beta.20211102.2","@autorest/csharp","","NA","NA","NA","","false","","","","","",""
"@autorest/csharp-v3","","3.0.0-beta.20201217.1","@autorest/csharp-v3","","NA","NA","NA","","false","","","","","",""
"@autorest/extension-base","3.3.2","","@autorest/extension-base","","NA","NA","NA","","false","","","active","","",""
"@autorest/gotest","1.0.0","","@autorest/gotest","","NA","NA","NA","","false","","","","","",""
"@autorest/schemas","1.3.1","","@autorest/schemas","","NA","NA","NA","","false","","","active","","",""
"@autorest/testmodeler","1.0.0","","@autorest/testmodeler","","NA","NA","NA","","false","","","","","",""
"@autorest/test-utils","","0.4.0","@autorest/test-utils","","NA","NA","NA","","false","","","","","",""
"@autorest/typescript","","6.0.0-beta.14","@autorest/typescript","","NA","NA","NA","","false","","","","","",""
"@azure/arm-appservice-profile-2020-09-01-hybrid","1.1.1","","@azure/arm-appservice-profile-2020-09-01-hybrid","","NA","NA","NA","","false","","","active","","",""
"@azure/arm-authorization-profile-2020-09-01-hybrid","1.1.1","","@azure/arm-authorization-profile-2020-09-01-hybrid","","NA","NA","NA","","false","","","active","","",""
"@azure/arm-changeanalysis","1.1.1","","@azure/arm-changeanalysis","","NA","NA","NA","","false","","","active","","",""
"@azure/arm-commerce-profile-2020-09-01-hybrid","1.1.1","","@azure/arm-commerce-profile-2020-09-01-hybrid","","NA","NA","NA","","false","","","active","","",""
"@azure/arm-compute-profile-2020-09-01-hybrid","1.1.0","","@azure/arm-compute-profile-2020-09-01-hybrid","","NA","NA","NA","","false","","","active","","",""
"@azure/arm-confluent","2.1.1","","@azure/arm-confluent","","NA","NA","NA","","false","","","active","","",""
"@azure/arm-databoxedge-profile-2020-09-01-hybrid","1.1.1","","@azure/arm-databoxedge-profile-2020-09-01-hybrid","","NA","NA","NA","","false","","","active","","",""
"@azure/arm-datadog","2.1.1","","@azure/arm-datadog","","NA","NA","NA","","false","","","active","","",""
"@azure/arm-datalake-analytics","1.1.1","","@azure/arm-datalake-analytics","","NA","NA","NA","","false","","","active","","",""
"@azure/arm-devtestlabs","3.3.1","","@azure/arm-devtestlabs","","NA","NA","NA","","false","","","","","",""
"@azure/arm-dns-profile-2020-09-01-hybrid","1.1.1","","@azure/arm-dns-profile-2020-09-01-hybrid","","NA","NA","NA","","false","","","active","","",""
"@azure/arm-eventhub-profile-2020-09-01-hybrid","1.1.1","","@azure/arm-eventhub-profile-2020-09-01-hybrid","","NA","NA","NA","","false","","","active","","",""
"@azure/arm-healthbot","1.1.1","","@azure/arm-healthbot","","NA","NA","NA","","false","","","active","","",""
"@azure/arm-hybridkubernetes","1.2.0","","@azure/arm-hybridkubernetes","","NA","NA","NA","","false","","","active","","",""
"@azure/arm-iothub-profile-2020-09-01-hybrid","1.1.1","","@azure/arm-iothub-profile-2020-09-01-hybrid","","NA","NA","NA","","false","","","active","true","",""
"@azure/arm-keyvault-profile-2020-09-01-hybrid","1.1.1","","@azure/arm-keyvault-profile-2020-09-01-hybrid","","NA","NA","NA","","false","","","active","","",""
"@azure/arm-locks-profile-2020-09-01-hybrid","1.1.1","","@azure/arm-locks-profile-2020-09-01-hybrid","","NA","NA","NA","","false","","","active","","",""
"@azure/arm-monitor-profile-2020-09-01-hybrid","1.1.1","","@azure/arm-monitor-profile-2020-09-01-hybrid","","NA","NA","NA","","false","","","active","","",""
"@azure/arm-mysql-flexible","1.0.0","","@azure/arm-mysql-flexible","","NA","NA","NA","","false","","","","","",""
"@azure/arm-network-profile-2020-09-01-hybrid","1.1.1","","@azure/arm-network-profile-2020-09-01-hybrid","","NA","NA","NA","","false","","","active","","",""
"@azure/arm-policy-profile-2020-09-01-hybrid","1.1.1","","@azure/arm-policy-profile-2020-09-01-hybrid","","NA","NA","NA","","false","","","active","","",""
"@azure/arm-postgresql-flexible","4.0.0","","@azure/arm-postgresql-flexible","","NA","NA","NA","","false","","","","","",""
"@azure/arm-redisenterprisecache","1.1.1","","@azure/arm-redisenterprisecache","","NA","NA","NA","","false","","","active","","",""
"@azure/arm-resourcemover","1.1.1","","@azure/arm-resourcemover","","NA","NA","NA","","false","","","active","","",""
"@azure/arm-resources-profile-2020-09-01-hybrid","1.1.1","","@azure/arm-resources-profile-2020-09-01-hybrid","","NA","NA","NA","","false","","","active","","",""
"@azure/arm-storage-profile-2020-09-01-hybrid","1.1.1","","@azure/arm-storage-profile-2020-09-01-hybrid","","NA","NA","NA","","false","","","active","","",""
"@azure/arm-subscriptions-profile-2020-09-01-hybrid","1.1.1","","@azure/arm-subscriptions-profile-2020-09-01-hybrid","","NA","NA","NA","","false","","","active","","",""
"@azure/arm-template","","1.0.0-beta.2","@azure/arm-template","","NA","NA","NA","","false","","","","","",""
"@azure/communication-administration","","1.0.0-beta.4","@azure/communication-administration","","NA","NA","NA","","false","","","","","",""
"@azure/communication-react","","1.0.0-beta.6","@azure/communication-react","","NA","NA","NA","","false","","","","","",""
"@azure/core-crypto","","1.0.0-alpha.20210122.1","@azure/core-crypto","","NA","NA","NA","","false","","","","","",""
"@azure/fabric-react-jsonschema-form","","0.1.5","@azure/fabric-react-jsonschema-form","","NA","NA","NA","","false","","","","","",""
"@azure/iot-modelsrepository","","1.0.0-beta.2","@azure/iot-modelsrepository","","NA","NA","NA","","false","","","","","",""
"@azure/media-stream-library","","1.1.0-beta.3","@azure/media-stream-library","","NA","NA","NA","","false","","","","","",""
"@azure/quantum-jobs","","1.0.0-beta.1","@azure/quantum-jobs","","NA","NA","NA","","false","","","","","",""
"@azure/static-web-apps-cli","","0.8.0","@azure/static-web-apps-cli","","NA","NA","NA","","false","","","","","",""
"@azure/video-analyzer-for-media-widgets","","0.3.1","@azure/video-analyzer-for-media-widgets","","NA","NA","NA","","false","","","","true","","hiding until package shows up on npm"
"@azure/video-analyzer-player","1.0.4","1.1.0-beta.5","@azure/video-analyzer-player","","NA","NA","NA","","false","","","","","",""
"@azure/video-analyzer-widgets","2.0.2","","@azure/video-analyzer-widgets","","NA","NA","NA","","false","","","","","",""
"@azure-rest/core-client-lro","","1.0.0-beta.1","@azure-rest/core-client-lro","","NA","NA","NA","","false","","","","","",""
"@azure-tools/adl-openapi","","0.3.2","@azure-tools/adl-openapi","","NA","NA","NA","","false","","","","","",""
"@azure-tools/adl-rest","","0.3.2","@azure-tools/adl-rest","","NA","NA","NA","","false","","","","","",""
"@azure-tools/adl-rpaas","","0.4.2","@azure-tools/adl-rpaas","","NA","NA","NA","","false","","","","","",""
"@azure-tools/adl-rpaas-controller","","0.1.1","@azure-tools/adl-rpaas-controller","","NA","NA","NA","","false","","","","","",""
"@azure-tools/adl-vs","","0.2.0","@azure-tools/adl-vs","","NA","NA","NA","","false","","","","","",""
"@azure-tools/cadl","","0.16.0","@azure-tools/cadl","","NA","NA","NA","","false","","","","","",""
"@azure-tools/cadl-autorest","","0.8.1","@azure-tools/cadl-autorest","","NA","NA","NA","","false","","","","","",""
"@azure-tools/cadl-openapi","","0.4.1","@azure-tools/cadl-openapi","","NA","NA","NA","","false","","","","","",""
"@azure-tools/cadl-rest","","0.4.1","@azure-tools/cadl-rest","","NA","NA","NA","","false","","","","","",""
"@azure-tools/cadl-rpaas","","0.10.0","@azure-tools/cadl-rpaas","","NA","NA","NA","","false","","","","","",""
"@azure-tools/cadl-rpaas-controller","","0.5.0","@azure-tools/cadl-rpaas-controller","","NA","NA","NA","","false","","","","","",""
"@azure-tools/cadl-vs","","0.3.0","@azure-tools/cadl-vs","","NA","NA","NA","","false","","","","","",""
"@azure-tools/json","1.2.0","","@azure-tools/json","","NA","NA","NA","","false","","","","","",""
"@azure-tools/jsonschema","1.1.0","","@azure-tools/jsonschema","","NA","NA","NA","","false","","","active","","",""
"@azure-tools/mock-service-host","","0.1.3","@azure-tools/mock-service-host","","NA","NA","NA","","false","","","","","",""
"@azure-tools/prettier-plugin-adl","","0.1.4","@azure-tools/prettier-plugin-adl","","NA","NA","NA","","false","","","","","",""
"@azure-tools/prettier-plugin-cadl","","0.2.1","@azure-tools/prettier-plugin-cadl","","NA","NA","NA","","false","","","","","",""
"@azure-tools/test-recorder","1.0.1","","@azure-tools/test-recorder","","NA","NA","NA","","false","","","","","",""
"@azure-tools/tmlanguage-generator","","0.1.4","@azure-tools/tmlanguage-generator","","NA","NA","NA","","false","","","","","",""
"@azure-tools/yaml","1.0.0","","@azure-tools/yaml","","NA","NA","NA","","false","","","","","",""
"@cadl-lang/compiler","","0.22.0","@cadl-lang/compiler","","NA","NA","NA","","false","","","","","",""
"@cadl-lang/openapi3","","0.3.1","@cadl-lang/openapi3","","NA","NA","NA","","false","","","","","",""
"@cadl-lang/prettier-plugin-cadl","","0.5.1","@cadl-lang/prettier-plugin-cadl","","NA","NA","NA","","false","","","","","",""
"@cadl-lang/rest","","0.6.3","@cadl-lang/rest","","NA","NA","NA","","false","","","","","",""
"adl-vscode","","0.6.0","adl-vscode","","NA","NA","NA","","false","","","","","",""
"cadl-msbuild-target","","0.1.0","cadl-msbuild-target","","NA","NA","NA","","false","","","","","",""
"cadl-vs","","0.4.1","cadl-vs","","NA","NA","NA","","false","","","","","",""
"cadl-vscode","","0.9.0","cadl-vscode","","NA","NA","NA","","false","","","","","",""
"mock-service-host","","0.1.3","mock-service-host","","NA","NA","NA","","false","","","","true","","package has been deprecated"
"tmlanguage-generator","","0.2.0","tmlanguage-generator","","NA","NA","NA","","false","","","","","",""
"@azure/amqp-common","","1.0.0-preview.17","AMQP Common","Core","core","NA","NA","client","false","","","","","",""
"@azure/cognitiveservices-anomalydetector","2.1.0","","Anomaly Detector","Anomaly Detector","https://github.com/Azure/azure-sdk-for-js/tree/main/sdk/cognitiveservices/cognitiveservices-anomalydetector","NA","NA","client","false","","","active","","",""
"@azure/applicationinsights-query","1.1.0","","Application Insights - Query","Monitor","https://github.com/Azure/azure-sdk-for-js/tree/main/sdk/applicationinsights/applicationinsights-query","NA","","client","false","","","active","","",""
"autorest","3.4.2","","AutoRest","AutoRest","NA","NA","NA","client","false","","","active","","",""
"@autorest/az","1.8.0","","AutoRest - AZ","AutoRest","https://github.com/Azure/autorest.az/tree/1.4.0","NA","NA","client","false","","","active","","",""
"@autorest/azureresourceschema","3.0.103","","AutoRest - Azure Resource Schema","AutoRest","https://github.com/Azure/autorest.azureresourceschema","NA","NA","client","false","","","active","","",""
"@autorest/cli","","0.1.889","AutoRest - CLI","AutoRest","https://github.com/Azure/autorest.cli","NA","NA","client","false","","","","","",""
"@autorest/cli.common","1.0.14","","AutoRest - CLI Common","AutoRest","https://github.com/Azure/autorest.clicommon","NA","NA","client","false","","","active","true","",""
"@autorest/clicommon","","0.6.2","AutoRest - CLI Common","AutoRest","https://github.com/Azure/autorest.clicommon/tree/0.4.12","NA","NA","client","false","","","","","",""
"@azure/autorest.codemodel-v3","3.0.137","","AutoRest - Code Model","AutoRest","NA","NA","NA","client","false","","","active","","",""
"@autorest/compare","","0.4.2","AutoRest - Compare","AutoRest","https://github.com/Azure/autorest.compare","NA","NA","client","false","","","","","",""
"@autorest/core","3.6.6","","AutoRest - Core","AutoRest","https://github.com/Azure/autorest","NA","NA","client","false","","","active","","",""
"@autorest/azure-functions-csharp","","0.2.0-preview-dev.321054549","AutoRest - Functions CSharp","AutoRest","NA","NA","NA","client","false","","","","","",""
"@autorest/azure-functions-java","","0.0.2-Preview","AutoRest - Functions Java","AutoRest","NA","NA","NA","client","false","","","","","",""
"@autorest/azure-functions-python","","0.1.0-preview","AutoRest - Functions Python","AutoRest","NA","NA","NA","client","false","","","","","",""
"@autorest/azure-functions-typescript","","0.0.1-preview","AutoRest - Functions TypeScript","AutoRest","NA","NA","NA","client","false","","","","","",""
"@autorest/go","","4.0.0-preview.31","AutoRest - Go","AutoRest","NA","NA","NA","client","false","","","","","",""
"@autorest/modelerfour","4.21.4","","AutoRest - Modeler Four","AutoRest","https://github.com/Azure/autorest.modelerfour","NA","NA","client","false","","","active","","",""
"@autorest/powershell","3.0.461","","AutoRest - Power Shell","AutoRest","https://github.com/Azure/autorest.powershell","NA","NA","client","false","","","active","","",""
"@autorest/python","5.10.0","","AutoRest - Python","AutoRest","https://github.com/Azure/autorest.python/tree/v5.1.0-preview.7","NA","NA","client","false","","","active","","",""
"@autorest/remodeler","2.1.27","","AutoRest - Remodeler","AutoRest","https://github.com/Azure/autorest.remodeler","NA","NA","client","false","","","active","","",""
"@autorest/test","","0.1.76","AutoRest - Test","AutoRest","https://github.com/Azure/autorest.test","NA","NA","client","false","","","","","",""
"@autorest/test-server","3.0.27","","AutoRest - Test Server","AutoRest","NA","NA","NA","client","false","","","active","","",""
"@azure/cognitiveservices-autosuggest","2.0.1","","Autosuggest","Autosuggest","https://github.com/Azure/azure-sdk-for-js/tree/main/sdk/cognitiveservices/cognitiveservices-autosuggest","NA","NA","client","false","","","maintenance","","",""
"@azure/avocado","","0.8.4","Avocado","OpenAPI Specification","https://github.com/Azure/avocado","NA","NA","client","false","","","","","",""
"@azure/batch","10.0.2","","Batch","Batch","https://github.com/azure/azure-sdk-for-js/tree/main/sdk/batch/batch","NA","NA","client","false","","","active","","",""
"@azure/communication-calling","1.1.0","","Communication Calling","Communication","NA","NA","NA","client","false","","","active","","",""
"@azure/communication-signaling","","1.0.0-beta.11","Communication Signaling","Communication","NA","NA","NA","client","false","","","","","",""
"@azure/cognitiveservices-computervision","8.1.0","","Computer Vision","Computer Vision","https://github.com/Azure/azure-sdk-for-js/tree/main/sdk/cognitiveservices/cognitiveservices-computervision","NA","NA","client","false","","","active","","",""
"@azure/cognitiveservices-contentmoderator","5.0.1","","Content Moderator","Content Moderator","https://github.com/Azure/azure-sdk-for-js/tree/main/sdk/cognitiveservices/cognitiveservices-contentmoderator","NA","NA","client","false","","","active","","",""
"@azure/core-asynciterator-polyfill","1.0.0","","Core - Asynciterator Polyfill","Core","core","NA","","client","false","","","","","",""
"@azure/core-https","","1.0.0-beta.1","Core - Https","Core","NA","NA","NA","client","false","","","","","",""
"@azure/core-paging","1.2.0","","Core - Paging","Core","core","","","client","false","","","","","",""
"@azure/cosmos","2.1.1","","Cosmos DB","Cosmos DB","NA","NA","NA","client","false","","","","true","",""
"@azure/cognitiveservices-customimagesearch","2.0.1","","Custom Image Search","Custom Image Search","https://github.com/Azure/azure-sdk-for-js/tree/main/sdk/cognitiveservices/cognitiveservices-customimagesearch","NA","NA","client","false","","","maintenance","","",""
"@azure/cognitiveservices-customsearch","3.0.1","","Custom Search","Custom Search","https://github.com/Azure/azure-sdk-for-js/tree/main/sdk/cognitiveservices/cognitiveservices-customsearch","NA","NA","client","false","","","maintenance","","",""
"@azure/cognitiveservices-customvision-prediction","5.1.2","","Custom Vision Prediction","Custom Vision","https://github.com/Azure/azure-sdk-for-js/tree/main/sdk/cognitiveservices/cognitiveservices-customvision-prediction","NA","NA","client","false","","","maintenance","","",""
"@azure/cognitiveservices-customvision-training","5.2.0","","Custom Vision Training","Custom Vision","https://github.com/Azure/azure-sdk-for-js/tree/main/sdk/cognitiveservices/cognitiveservices-customvision-training","NA","NA","client","false","","","maintenance","","",""
"@azure/cognitiveservices-entitysearch","3.0.1","","Entity Search","Entity Search","https://github.com/Azure/azure-sdk-for-js/tree/main/sdk/cognitiveservices/cognitiveservices-entitysearch","NA","NA","client","false","","","maintenance","","",""
"azure-eventgrid","1.6.0","","Event Grid","Event Grid","NA","NA","NA","client","false","","","","true","",""
"azure-event-hubs","0.2.11","","Event Hubs","Event Hubs","NA","NA","NA","client","false","","","","true","",""
"@azure/event-processor-host","2.1.1","","Event Hubs - Event Processor","Event Hubs","eventhub","NA","","client","false","","","maintenance","","",""
"@azure/cognitiveservices-face","4.2.0","","Face","Face","https://github.com/Azure/azure-sdk-for-js/tree/main/sdk/cognitiveservices/cognitiveservices-face","NA","NA","client","false","","","active","","",""
"@azure/cognitiveservices-formrecognizer","2.0.1","","Form Recognizer","Form Recognizer","https://github.com/Azure/azure-sdk-for-js/tree/main/sdk/cognitiveservices/cognitiveservices-formrecognizer","NA","NA","client","false","","","maintenance","","",""
"git-rest-api-sdk","","0.3.3","Git Rest Api SDK","Git Rest Api","https://github.com/azure/git-rest-api","NA","NA","client","false","","","","","",""
"@azure/graph","5.0.3","","Graph","Microsoft Graph","https://github.com/Azure/azure-sdk-for-js/tree/main/sdk/graphrbac/graph","NA","NA","client","false","","","active","","",""
"@azure/cognitiveservices-imagesearch","3.0.1","","Image Search","Image Search","https://github.com/Azure/azure-sdk-for-js/tree/main/sdk/cognitiveservices/cognitiveservices-imagesearch","NA","NA","client","false","","","maintenance","","",""
"azure-iot-amqp-base","2.4.13","","IoT AMQP Base","IoT","https://github.com/Azure/azure-iot-sdk-node","NA","NA","client","false","","","active","","",""
"azure-iot-common","1.12.13","","IoT Common","IoT","https://github.com/Azure/azure-iot-sdk-node/tree/master/common","NA","NA","client","false","","","active","","",""
"azure-iot-device","1.17.8","","IoT Device","IoT Plug and Play","https://github.com/Azure/azure-iot-sdk-node/tree/master/device","NA","NA","client","false","","","active","","",""
"azure-iot-device-amqp","1.13.8","","IoT Device AMQP","IoT Plug and Play","https://github.com/Azure/azure-iot-sdk-node/tree/master/device/transport/amqp","NA","NA","client","false","","","active","","",""
"azure-iot-device-http","1.13.8","","IoT Device Http","IoT Plug and Play","https://github.com/Azure/azure-iot-sdk-node/tree/master/device/transport/http","NA","NA","client","false","","","active","","",""
"azure-iot-device-mqtt","1.15.8","","IoT Device MQTT","IoT Plug and Play","https://github.com/Azure/azure-iot-sdk-node/tree/master/device/transport/mqtt","NA","NA","client","false","","","active","","",""
"azure-iot-http-base","1.11.13","","IoT Http Base","IoT","https://github.com/Azure/azure-iot-sdk-node","NA","NA","client","false","","","active","","",""
"azure-iothub","1.14.6","","IoT Hub","IoT Hub","https://github.com/Azure/azure-iot-sdk-node","NA","NA","client","false","","","active","","",""
"azure-iot-mqtt-base","1.12.13","","IoT MQTT Base","IoT","https://github.com/Azure/azure-iot-sdk-node","NA","NA","client","false","","","active","","",""
"azure-iot-provisioning-device","1.8.12","","IoT Provisioning Device","IoT","https://github.com/Azure/azure-iot-sdk-node/tree/master/provisioning/device","NA","NA","client","false","","","active","","",""
"azure-iot-provisioning-device-amqp","1.8.12","","IoT Provisioning Device AMQP","IoT","https://github.com/Azure/azure-iot-sdk-node/tree/master/provisioning/transport/amqp","NA","NA","client","false","","","active","","",""
"azure-iot-provisioning-device-http","1.8.12","","IoT Provisioning Device Http","IoT","https://github.com/Azure/azure-iot-sdk-node/tree/master/provisioning/transport/http","NA","NA","client","false","","","active","","",""
"azure-iot-provisioning-device-mqtt","1.7.12","","IoT Provisioning Device MQTT","IoT","https://github.com/Azure/azure-iot-sdk-node/tree/master/provisioning/device","NA","NA","client","false","","","active","","",""
"azure-iot-provisioning-service","1.9.0","","IoT Provisioning Service","IoT","https://github.com/Azure/azure-iot-sdk-node/tree/master/provisioning/transport/mqtt","NA","NA","client","false","","","active","","",""
"azure-iot-security-symmetric-key","1.7.12","","IoT Security Symmetric Key","IoT","https://github.com/Azure/azure-iot-sdk-node/tree/master/security/symmetric","NA","NA","client","false","","","active","","",""
"azure-iot-security-tpm","1.8.12","","IoT Security TPM","IoT","https://github.com/Azure/azure-iot-sdk-node/tree/master/security/tpm","NA","NA","client","false","","","active","","",""
"azure-iot-security-x509","1.7.12","","IoT Security X509","IoT","https://github.com/Azure/azure-iot-sdk-node/tree/master/security/x509","NA","NA","client","false","","","active","","",""
"azure-keyvault","3.0.5","","Key Vault","Key Vault","NA","NA","NA","client","false","","","maintenance","","",""
"@azure/cognitiveservices-localsearch","2.0.1","","Local Search","Local Search","https://github.com/Azure/azure-sdk-for-js/tree/main/sdk/cognitiveservices/cognitiveservices-localsearch","NA","NA","client","false","","","maintenance","","",""
"@azure/loganalytics","","0.3.0","Log Analytics","Log Analytics","https://github.com/Azure/azure-sdk-for-js/tree/main/sdk/operationalinsights/loganalytics","NA","NA","client","false","","","","","",""
"@azure/logger-js","1.3.2","","Logger JS","Logger","https://github.com/Azure/logger-js","NA","NA","client","false","","","","","",""
"@azure/cognitiveservices-luis-authoring","","4.0.0-preview.3","LUIS Authoring","Language Understanding","https://github.com/Azure/azure-sdk-for-js/tree/main/sdk/cognitiveservices/cognitiveservices-luis-authoring","NA","NA","client","false","","","","","",""
"@azure/cognitiveservices-luis-runtime","5.0.0","","LUIS Runtime","Language Understanding","https://github.com/Azure/azure-sdk-for-js/tree/main/sdk/cognitiveservices/cognitiveservices-luis-runtime","NA","NA","client","false","","","active","","",""
"@azure/ms-rest-azure-env","2.0.0","","MsRest - Azure Env","MsRest","https://github.com/Azure/ms-rest-azure-env","NA","NA","client","false","","","active","","",""
"@azure/ms-rest-azure-js","2.1.0","","MsRest - Azure JS","MsRest","https://github.com/Azure/ms-rest-azure-js","NA","NA","client","false","","","active","","",""
"@azure/ms-rest-browserauth","1.0.2","","MsRest - Browser Auth","MsRest","https://github.com/Azure/ms-rest-browserauth","NA","NA","client","false","","","active","","",""
"@azure/ms-rest-js","2.6.0","","MsRest - JS","MsRest","https://github.com/Azure/ms-rest-js","NA","NA","client","false","","","active","","",""
"@azure/ms-rest-nodeauth","3.1.0","","MsRest - Node Auth","MsRest","https://github.com/Azure/ms-rest-nodeauth","NA","NA","client","false","","","active","","",""
"@azure/cognitiveservices-newssearch","3.0.1","","News Search","News Search","https://github.com/Azure/azure-sdk-for-js/tree/main/sdk/cognitiveservices/cognitiveservices-newssearch","NA","NA","client","false","","","maintenance","","",""
"@azure/ng-deploy","","0.2.3","Ng Deploy","Deploy Angular","https://github.com/Azure/ng-deploy-azure","NA","NA","client","false","","","","","",""
"node-red-contrib-azureiothubnode","","0.5.3","Node Red Contrib Azure IoT Hub Node","IoT Hub","NA","NA","NA","client","false","","","","","",""
"@azure/oad","","0.9.1","Oad","OpenAPI Specification","https://github.com/Azure/openapi-diff","NA","NA","client","false","","","","","",""
"@azure/openapi-markdown","","0.9.4","OpenAPI Markdown","OpenAPI MarkDown","https://github.com/Azure/openapi-markdown","NA","NA","client","false","","","","","",""
"@azure/cognitiveservices-personalizer","2.0.1","","Personalizer","Personalizer","https://github.com/Azure/azure-sdk-for-js/tree/main/sdk/cognitiveservices/cognitiveservices-personalizer","NA","NA","client","false","","","","","",""
"@azure/publish-pipeline-result","","0.1.2","Publish Pipeline Result","Pipelines","NA","NA","NA","client","false","","","","","",""
"@azure/cognitiveservices-qnamaker","3.2.0","","QnA Maker","QnA Maker","https://github.com/Azure/azure-sdk-for-js/tree/main/sdk/cognitiveservices/cognitiveservices-qnamaker","NA","NA","client","false","","","active","","",""
"@azure/cognitiveservices-qnamaker-runtime","1.0.1","","QnA Maker Runtime","QnA Maker","https://github.com/Azure/azure-sdk-for-js/tree/main/sdk/cognitiveservices/cognitiveservices-qnamaker-runtime","NA","NA","client","false","","","active","","",""
"@azure/rest-api-specs-scripts","","0.14.0","RestAPI Specs Scripts","RestAPI Specification","https://github.com/Azure/rest-api-specs-scripts","NA","NA","client","false","","","","","",""
"azure-sb","0.11.1","","Service Bus","Service Bus","NA","NA","NA","client","false","","","","","",""
"@azure/servicefabric","5.0.0","","Service Fabric","Service Fabric","NA","https://docs.microsoft.com/javascript/api/overview/azure/service-fabric","NA","client","false","","","","","",""
"microsoft-cognitiveservices-speech-sdk","1.14.1","","Speech","Speech","NA","https://docs.microsoft.com/javascript/api/overview/azure/speech-service","NA","client","false","","","active","","",""
"@azure/cognitiveservices-spellcheck","3.0.1","","Spell Check","Spell Check","https://github.com/Azure/azure-sdk-for-js/tree/main/sdk/cognitiveservices/cognitiveservices-spellcheck","NA","NA","client","false","","","maintenance","","",""
"azure-storage","2.10.3","","Storage","Storage","NA","NA","NA","client","false","","","maintenance","true","",""
"@azure/storage-datalake","","0.2.0","Storage - Files Data Lake","Storage","https://github.com/Azure/azure-sdk-for-js/tree/main/sdk/storage/storage-datalake","NA","","client","false","","","","","@azure/storage-file-datalake",""
"@azure/storage-file","10.3.0","","Storage - Files Shares","Storage","NA","NA","NA","client","false","","","maintenance","","@azure/storage-file-share",""
"azure-streamanalytics-cicd","2.2.2","","Stream Analytics CI/CD","Stream Analytics","NA","NA","NA","client","false","","","active","","",""
"@azure/swagger-validation-common","","0.1.2","Swagger Validation Common","OpenAPI Specification","NA","NA","NA","client","false","","","","","",""
"@azure/template","","1.0.12-beta.1160910","Template","Template","NA","NA","NA","client","true","","","","true","",""
"@azure/cognitiveservices-textanalytics","4.0.0","","Text Analytics","Text Analytics","NA","NA","","client","false","","","maintenance","","@azure/ai-text-analytics",""
"@azure-tools/adl","","0.14.0","Tools - ADL","ADL","NA","NA","NA","client","false","","","","true","",""
"@azure-tools/adl.core","","0.1.499","Tools - ADL Core","ADL","NA","NA","NA","client","false","","","","true","",""
"@azure-tools/adl.rules.azure","","0.1.208","Tools - ADL Rules Azure","ADL","NA","NA","NA","client","false","","","","true","",""
"@azure-tools/adl.types.arm","","0.1.205","Tools - ADL Types ARM","ADL","NA","NA","NA","client","false","","","","true","",""
"@azure-tools/adl.types.core","","0.1.211","Tools - ADL Types Core","ADL","NA","NA","NA","client","false","","","","true","",""
"@azure-tools/async-io","3.0.254","","Tools - Async IO","Async IO","https://github.com/Azure/perks","NA","NA","client","false","","","","true","",""
"@azure-tools/azcopy-darwin","10.12.2","","Tools - Azcopy Darwin","Azcopy","https://github.com/Azure/azure-storage-azcopy","NA","NA","client","false","","","","","",""
"@azure-tools/azcopy-linux","10.12.2","","Tools - Azcopy Linux","Azcopy","https://github.com/Azure/azure-storage-azcopy","NA","NA","client","false","","","","","",""
"@azure-tools/azcopy-node","2.4.0","","Tools - Azcopy Node","Azcopy","https://github.com/Azure/azure-storage-azcopy","NA","NA","client","false","","","","","",""
"@azure-tools/azcopy-win32","10.12.2","","Tools - Azcopy Win32","Azcopy","https://github.com/Azure/azure-storage-azcopy","NA","NA","client","false","","","","","",""
"@azure-tools/azcopy-win64","10.12.2","","Tools - Azcopy Win64","Azcopy","https://github.com/Azure/azure-storage-azcopy","NA","NA","client","false","","","","","",""
"@azure-tools/codemodel-v3","3.1.266","","Tools - Code Model V3","Code Model","https://github.com/Azure/perks","NA","NA","client","false","","","","true","",""
"@azure-tools/codegen","2.8.0","","Tools - Codegen","Codegen","https://github.com/Azure/perks","NA","NA","client","false","","","","true","",""
"@azure-tools/codegen-csharp","3.0.264","","Tools - Codegen Csharp","Codegen","https://github.com/Azure/perks","NA","NA","client","false","","","","true","",""
"@azure-tools/datastore","4.5.1","","Tools - Data Store","Data Store","https://github.com/Azure/perks","NA","NA","client","false","","","","","",""
"@azure-tools/deduplication","3.1.2","","Tools - Deduplication","Deduplication","https://github.com/Azure/perks","NA","NA","client","false","","","","true","",""
"@azure-tools/eventing","3.0.253","","Tools - Eventing","Eventing","https://github.com/Azure/perks","NA","NA","client","false","","","","true","",""
"@azure-tools/extension","3.3.1","","Tools - Extension","Extensions","https://github.com/Azure/perks","NA","NA","client","false","","","","true","",""
"@azure-tools/linq","3.1.263","","Tools - Linq","Linq","https://github.com/Azure/perks","NA","NA","client","false","","","","true","",""
"@azure-tools/oai2-to-oai3","4.4.0","","Tools - Oai2 To Oai3","Oai2 To Oai3","https://github.com/Azure/perks","NA","NA","client","false","","","","true","",""
"@azure-tools/object-comparison","3.0.253","","Tools - Object Comparison","Object Comparison","https://github.com/Azure/perks","NA","NA","client","false","","","","true","",""
"@azure-tools/openapi","3.2.1","","Tools - OpenAPI","OpenAPI","https://github.com/Azure/perks","NA","NA","client","false","","","","true","",""
"@azure-tools/openapi-tools-common","1.2.2","","Tools - OpenAPI Tools Common","OpenAPI Tools Common","NA","NA","NA","client","false","","","","","",""
"@azure-tools/sourcemap","","0.1.234","Tools - Source Map","Source Map","NA","NA","NA","client","false","","","","true","",""
"@azure-tools/tasks","3.0.255","","Tools - Tasks","AutoRest","https://github.com/Azure/perks","NA","NA","client","false","","","","true","",""
"@azure-tools/uri","3.1.1","","Tools - Uri","Uri","https://github.com/Azure/perks","NA","NA","client","false","","","","true","",""
"@azure/cognitiveservices-translatortext","1.0.1","","Translator","Translator","https://github.com/Azure/azure-sdk-for-js/tree/main/sdk/cognitiveservices/cognitiveservices-translatortext","NA","NA","client","false","","","","","",""
"@azure/cognitiveservices-videosearch","3.0.1","","Video Search","Video Search","https://github.com/Azure/azure-sdk-for-js/tree/main/sdk/cognitiveservices/cognitiveservices-videosearch","NA","NA","client","false","","","maintenance","","",""
"@azure/cognitiveservices-visualsearch","3.0.1","","Visual Search","Visual Search","https://github.com/Azure/azure-sdk-for-js/tree/main/sdk/cognitiveservices/cognitiveservices-visualsearch","NA","NA","client","false","","","maintenance","","",""
"@azure/cognitiveservices-websearch","3.0.1","","Web Search","Web Search","https://github.com/Azure/azure-sdk-for-js/tree/main/sdk/cognitiveservices/cognitiveservices-websearch","NA","NA","client","false","","","maintenance","","",""
"azure-arm-datalake-store","","3.1.2-preview","Data Lake Storage","Data Lake Storage (Gen 1)","NA","NA","NA","mgmt","false","","","","","",""
"@azure/arm-advisor","2.1.1","","Resource Management - Advisor","Advisor","https://github.com/Azure/azure-sdk-for-js/tree/main/sdk/advisor/arm-advisor","https://docs.microsoft.com/javascript/api/overview/azure/advisor","NA","mgmt","false","","","","","",""
"@azure/arm-analysisservices","3.0.0","","Resource Management - Analysis Services","Analysis Services","https://github.com/Azure/azure-sdk-for-js/tree/main/sdk/analysisservices/arm-analysisservices","https://docs.microsoft.com/javascript/api/overview/azure/analysis-services","NA","mgmt","false","","","","","",""
"@azure/arm-appconfiguration","2.0.0","","Resource Management - App Configuration","App Configuration","https://github.com/Azure/azure-sdk-for-js/tree/main/sdk/appconfiguration/arm-appconfiguration","NA","NA","mgmt","false","","","","","",""
"@azure/arm-appservice-profile-2019-03-01-hybrid","1.1.1","","Resource Management - App Service","App Service","https://github.com/Azure/azure-sdk-for-js/tree/main/sdk/appservice/arm-appservice-profile-2019-03-01-hybrid","NA","NA","mgmt","false","","","","true","",""
"@azure/arm-appinsights","3.1.1","","Resource Management - Application Insights","Monitor","https://github.com/Azure/azure-sdk-for-js/tree/main/sdk/applicationinsights/arm-appinsights","NA","NA","mgmt","false","","","","","",""
"@azure/arm-attestation","1.1.1","","Resource Management - Attestation","Attestation","NA","NA","NA","mgmt","false","","","","","",""
"@azure/arm-authorization-profile-2019-03-01-hybrid","1.1.1","","Resource Management - Authorization","Authorization","https://github.com/Azure/azure-sdk-for-js/tree/main/sdk/authorization/arm-authorization-profile-2019-03-01-hybrid","NA","NA","mgmt","false","","","","true","",""
"@azure/arm-automation","10.1.1","","Resource Management - Automation","Automation","https://github.com/Azure/azure-sdk-for-js/tree/main/sdk/automation/arm-automation","https://docs.microsoft.com/javascript/api/overview/azure/automation","NA","mgmt","false","","","","","",""
"@azure/arm-azurestack","2.1.1","","Resource Management - Azure Stack","Stack","https://github.com/Azure/azure-sdk-for-js/tree/main/sdk/azurestack/arm-azurestack","NA","NA","mgmt","false","","","","","",""
"@azure/arm-azurestackhci","1.1.1","","Resource Management - Azure Stack HCI","Stack HCI","NA","NA","NA","mgmt","false","","","","","",""
"@azure/arm-avs","2.1.0","","Resource Management - Azure VMware Solution","VMware Solution","https://github.com/Azure/azure-sdk-for-js/tree/main/sdk/avs/arm-avs","NA","NA","mgmt","false","","","","","",""
"@azure/arm-batch","6.0.0","","Resource Management - Batch","Batch","https://github.com/Azure/azure-sdk-for-js/tree/main/sdk/batch/arm-batch","NA","NA","mgmt","false","","","","","",""
"@azure/arm-batchai","2.2.1","","Resource Management - Batch AI","Batch AI","https://github.com/Azure/azure-sdk-for-js/tree/main/sdk/batchai/arm-batchai","https://docs.microsoft.com/javascript/api/overview/azure/batchai","NA","mgmt","false","","","","","",""
"@azure/arm-billing","3.1.1","","Resource Management - Billing","Cost Management + Billing","https://github.com/Azure/azure-sdk-for-js/tree/main/sdk/billing/arm-billing","https://docs.microsoft.com/javascript/api/overview/azure/billing","NA","mgmt","false","","","","","",""
"@azure/arm-botservice","3.1.0","","Resource Management - Bot Service","Bot Service","https://github.com/Azure/azure-sdk-for-js/tree/main/sdk/botservice/arm-botservice","NA","NA","mgmt","false","","","","","",""
"@azure/arm-cognitiveservices","6.0.1","","Resource Management - Cognitive Services","Cognitive Services","https://github.com/Azure/azure-sdk-for-js/tree/main/sdk/cognitiveservices/arm-cognitiveservices","https://docs.microsoft.com/javascript/api/overview/azure/cognitive-services","NA","mgmt","false","","","","","",""
"@azure/arm-commerce","3.0.0","","Resource Management - Commerce","Commerce","https://github.com/Azure/azure-sdk-for-js/tree/main/sdk/commerce/arm-commerce","https://docs.microsoft.com/javascript/api/overview/azure/commerce","NA","mgmt","false","","","","","",""
"@azure/arm-commitmentplans","1.3.1","","Resource Management - Commitment Plans","Machine Learning","https://github.com/Azure/azure-sdk-for-js/tree/main/sdk/machinelearning/arm-commitmentplans","NA","NA","mgmt","false","","","","","",""
"@azure/arm-communication","2.1.1","","Resource Management - Communication","Communication","NA","NA","NA","mgmt","false","","","","","",""
"@azure/arm-compute-profile-2019-03-01-hybrid","1.1.0","","Resource Management - Compute Profile","Compute","https://github.com/Azure/azure-sdk-for-js/tree/main/sdk/compute/arm-compute-profile-2019-03-01-hybrid","NA","NA","mgmt","false","","","","true","",""
"@azure/arm-consumption","8.0.1","","Resource Management - Consumption","Consumption","https://github.com/Azure/azure-sdk-for-js/tree/main/sdk/consumption/arm-consumption","NA","NA","mgmt","false","","","","","",""
"@azure/arm-containerinstance","7.1.0","","Resource Management - Container Instances","Container Instances","https://github.com/Azure/azure-sdk-for-js/tree/main/sdk/containerinstance/arm-containerinstance","NA","NA","mgmt","false","","","","","",""
"@azure/arm-cdn","5.3.1","","Resource Management - Content Delivery Network","Content Delivery Network","https://github.com/Azure/azure-sdk-for-js/tree/main/sdk/cdn/arm-cdn","https://docs.microsoft.com/javascript/api/overview/azure/cdn","NA","mgmt","false","","","","","",""
"@azure/arm-cosmosdb","14.2.0","","Resource Management - Cosmos DB","Cosmos DB","https://github.com/Azure/azure-sdk-for-js/tree/main/sdk/cosmosdb/arm-cosmosdb","https://docs.microsoft.com/javascript/api/overview/azure/cosmos-db","NA","mgmt","false","","","","","",""
"@azure/arm-customerinsights","3.2.1","","Resource Management - Customer Insights","Customer Insights","https://github.com/Azure/azure-sdk-for-js/tree/main/sdk/customer-insights/arm-customerinsights","NA","NA","mgmt","false","","","","","",""
"@azure/arm-databox","4.1.1","","Resource Management - Data Box","Data Box","https://github.com/Azure/azure-sdk-for-js/tree/main/sdk/databox/arm-databox","NA","NA","mgmt","false","","","","","",""
"@azure/arm-databoxedge","1.1.1","","Resource Management - Data Box Edge","Stack Edge","NA","NA","NA","mgmt","false","","","","","",""
"@azure/arm-datacatalog","2.0.0","","Resource Management - Data Catalog","Data Catalog","https://github.com/Azure/azure-sdk-for-js/tree/main/sdk/datacatalog/arm-datacatalog","NA","NA","mgmt","false","","","","","",""
"@azure/arm-datafactory","8.1.0","","Resource Management - Data Factory","Data Factory","https://github.com/Azure/azure-sdk-for-js/tree/main/sdk/datafactory/arm-datafactory","NA","NA","mgmt","false","","","","","",""
"@azure/arm-datamigration","2.1.1","","Resource Management - Data Migration","Database Migration Service","https://github.com/Azure/azure-sdk-for-js/tree/main/sdk/datamigration/arm-datamigration","NA","NA","mgmt","false","","","","","",""
"@azure/arm-deploymentmanager","3.1.1","","Resource Management - Deployment Manager","Deployment Manager","https://github.com/Azure/azure-sdk-for-js/tree/main/sdk/deploymentmanager/arm-deploymentmanager","NA","NA","mgmt","false","","","","","",""
"@azure/arm-devspaces","1.2.1","","Resource Management - Dev Spaces","Dev Spaces","https://github.com/Azure/azure-sdk-for-js/tree/main/sdk/devspaces/arm-devspaces","NA","NA","mgmt","false","","","","","",""
"@azure/arm-deviceprovisioningservices","3.0.0","","Resource Management - Device Provisioning Services","Device Provisioning Services","https://github.com/Azure/azure-sdk-for-js/tree/main/sdk/deviceprovisioningservices/arm-deviceprovisioningservices","NA","NA","mgmt","false","","","","","",""
"@azure/arm-digitaltwins","2.1.1","","Resource Management - Digital Twins","Digital Twins","https://github.com/Azure/azure-sdk-for-js/tree/main/sdk/digitaltwins/arm-digitaltwins","NA","NA","mgmt","false","","","","","",""
"@azure/arm-dns","4.1.1","","Resource Management - DNS","DNS","https://github.com/Azure/azure-sdk-for-js/tree/main/sdk/dns/arm-dns","https://docs.microsoft.com/javascript/api/overview/azure/dns","NA","mgmt","false","","","","","",""
"@azure/arm-dns-profile-2019-03-01-hybrid","1.1.1","","Resource Management - DNS","DNS","https://github.com/Azure/azure-sdk-for-js/tree/main/sdk/dns/arm-dns-profile-2019-03-01-hybrid","NA","NA","mgmt","false","","","","true","",""
"@azure/arm-domainservices","3.2.1","","Resource Management - Domain Services","Active Directory Domain Services","https://github.com/Azure/azure-sdk-for-js/tree/main/sdk/domainservices/arm-domainservices","NA","NA","mgmt","false","","","","","",""
"@azure/arm-edgegateway","2.1.1","","Resource Management - Edge Gateway","Stack Edge","https://github.com/Azure/azure-sdk-for-js/tree/main/sdk/edgegateway/arm-edgegateway","NA","NA","mgmt","false","","","","","",""
"@azure/arm-frontdoor","4.1.1","","Resource Management - Frontdoor","Front Door","https://github.com/Azure/azure-sdk-for-js/tree/main/sdk/frontdoor/arm-frontdoor","NA","NA","mgmt","false","","","","","",""
"@azure/arm-hanaonazure","3.1.1","","Resource Management - HANA on Azure","SAP HANA on Azure","https://github.com/Azure/azure-sdk-for-js/tree/main/sdk/hanaonazure/arm-hanaonazure","NA","NA","mgmt","false","","","","","",""
"@azure/arm-hdinsight","","0.24.0","Resource Management - HDInsight","HDInsight","https://github.com/Azure/azure-sdk-for-js/tree/main/sdk/hdinsight/arm-hdinsight","https://docs.microsoft.com/javascript/api/overview/azure/hdinsight","NA","mgmt","false","","","","","",""
"@azure/arm-healthcareapis","1.1.1","","Resource Management - Health Care APIs","API for FHIR","NA","NA","NA","mgmt","false","","","","","",""
"@azure/arm-hybridcompute","2.1.1","","Resource Management - Hybrid Compute","Hybrid Compute","NA","NA","NA","mgmt","false","","","","","",""
"@azure/arm-iotcentral","5.0.0","","Resource Management - IoT Central","IoT Central","https://github.com/Azure/azure-sdk-for-js/tree/main/sdk/iotcentral/arm-iotcentral","NA","NA","mgmt","false","","","","","",""
"@azure/arm-iothub","5.1.1","","Resource Management - IoT Hub","IoT Hub","https://github.com/Azure/azure-sdk-for-js/tree/main/sdk/iothub/arm-iothub","https://docs.microsoft.com/javascript/api/overview/azure/iot-hub","NA","mgmt","false","","","","","",""
"@azure/arm-iotspaces","1.2.1","","Resource Management - IoT Spaces","IoT Central","https://github.com/Azure/azure-sdk-for-js/tree/main/sdk/iotspaces/arm-iotspaces","NA","NA","mgmt","false","","","","","",""
"@azure/arm-keyvault-profile-2019-03-01-hybrid","1.1.1","","Resource Management - Key Vault","Key Vault","https://github.com/Azure/azure-sdk-for-js/tree/main/sdk/keyvault/arm-keyvault-profile-2019-03-01-hybrid","NA","NA","mgmt","false","","","","true","",""
"@azure/arm-kubernetesconfiguration","3.1.1","","Resource Management - Kubernetes Configuration","Kubernetes Configuration","https://github.com/Azure/azure-sdk-for-js/tree/main/sdk/kubernetesconfiguration/arm-kubernetesconfiguration","NA","NA","mgmt","false","","","","","",""
"@azure/arm-kusto","6.3.0","","Resource Management - Kusto","Data Explorer","https://github.com/Azure/azure-sdk-for-js/tree/main/sdk/kusto/arm-kusto","NA","NA","mgmt","false","","","","","",""
"@azure/arm-labservices","1.1.1","","Resource Management - Lab Services","Lab Services","https://github.com/Azure/azure-sdk-for-js/tree/main/sdk/labservices/arm-labservices","NA","NA","mgmt","false","","","","","",""
"@azure/arm-locks-profile-hybrid-2019-03-01","1.1.1","","Resource Management - Locks","Locks","https://github.com/Azure/azure-sdk-for-js/tree/main/sdk/locks/arm-locks-profile-hybrid-2019-03-01","NA","NA","mgmt","false","","","","true","",""
"@azure/arm-machinelearningcompute","2.1.1","","Resource Management - Machine Learning Compute","Machine Learning","https://github.com/Azure/azure-sdk-for-js/tree/main/sdk/machinelearningcompute/arm-machinelearningcompute","NA","NA","mgmt","false","","","","","",""
"@azure/arm-machinelearningexperimentation","1.2.1","","Resource Management - Machine Learning Experimentation","Machine Learning","https://github.com/Azure/azure-sdk-for-js/tree/main/sdk/machinelearningexperimentation/arm-machinelearningexperimentation","NA","NA","mgmt","false","","","","","",""
"@azure/arm-machinelearningservices","4.1.1","","Resource Management - Machine Learning Services","Machine Learning","https://github.com/Azure/azure-sdk-for-js/tree/main/sdk/machinelearningservices/arm-machinelearningservices","NA","NA","mgmt","false","","","","","",""
"@azure/arm-msi","1.2.1","","Resource Management - Managed Service Identity","Managed Service Identity","https://github.com/Azure/azure-sdk-for-js/tree/main/sdk/msi/arm-msi","NA","NA","mgmt","false","","","","","",""
"@azure/arm-managementgroups","1.2.1","","Resource Management - Management Groups","Management Groups","https://github.com/Azure/azure-sdk-for-js/tree/main/sdk/managementgroups/arm-managementgroups","NA","NA","mgmt","false","","","","","",""
"@azure/arm-managementpartner","1.2.1","","Resource Management - Management Partner","Management Partner","https://github.com/Azure/azure-sdk-for-js/tree/main/sdk/managementpartner/arm-managementpartner","NA","NA","mgmt","false","","","","","",""
"@azure/arm-maps","2.1.1","","Resource Management - Maps","Maps","https://github.com/Azure/azure-sdk-for-js/tree/main/sdk/maps/arm-maps","NA","NA","mgmt","false","","","","","",""
"@azure/arm-mariadb","1.5.1","","Resource Management - Maria DB","Database for MariaDB","https://github.com/Azure/azure-sdk-for-js/tree/main/sdk/mariadb/arm-mariadb","NA","NA","mgmt","false","","","","","",""
"@azure/arm-marketplaceordering","2.1.1","","Resource Management - Market Place Ordering","Marketplace Ordering","https://github.com/Azure/azure-sdk-for-js/tree/main/sdk/marketplaceordering/arm-marketplaceordering","NA","NA","mgmt","false","","","","","",""
"@azure/arm-migrate","1.2.1","","Resource Management - Migrate","Migrate","https://github.com/Azure/azure-sdk-for-js/tree/main/sdk/migrate/arm-migrate","NA","NA","mgmt","false","","","","","",""
"@azure/arm-mixedreality","3.1.1","","Resource Management - Mixed Reality","Mixed Reality","https://github.com/Azure/azure-sdk-for-js/tree/main/sdk/mixedreality/arm-mixedreality","https://docs.microsoft.com/javascript/api/overview/azure/mixed-reality","NA","mgmt","false","","","","","",""
"@azure/arm-monitor","6.1.1","","Resource Management - Monitor","Monitor","https://github.com/Azure/azure-sdk-for-js/tree/main/sdk/monitor/arm-monitor","https://docs.microsoft.com/javascript/api/overview/azure/monitor","NA","mgmt","false","","","","","",""
"@azure/arm-monitor-profile-2019-03-01-hybrid","1.1.1","","Resource Management - Monitor","Monitor","https://github.com/Azure/azure-sdk-for-js/tree/main/sdk/monitor/arm-monitor-profile-2019-03-01-hybrid","NA","NA","mgmt","false","","","","true","",""
"@azure/arm-mysql","4.0.0","","Resource Management - MySQL","Database for MySQL","https://github.com/Azure/azure-sdk-for-js/tree/main/sdk/mysql/arm-mysql","https://docs.microsoft.com/javascript/api/overview/azure/mysql","NA","mgmt","false","","","","","",""
"@azure/arm-netapp","14.3.0","","Resource Management - NetApp","NetApp Files","https://github.com/Azure/azure-sdk-for-js/tree/main/sdk/netapp/arm-netapp","NA","NA","mgmt","false","","","","","",""
"@azure/arm-network-profile-2019-03-01-hybrid","1.1.1","","Resource Management - Network","Virtual Network","https://github.com/Azure/azure-sdk-for-js/tree/main/sdk/network/arm-network-profile-2019-03-01-hybrid","NA","NA","mgmt","false","","","","true","",""
"@azure/arm-peering","1.1.1","","Resource Management - Peering","Peering Service","https://github.com/Azure/azure-sdk-for-js/tree/main/sdk/peering/arm-peering","NA","NA","mgmt","false","","","","","",""
"@azure/arm-policy-profile-hybrid-2019-03-01","1.1.1","","Resource Management - Policy","Policy","https://github.com/Azure/azure-sdk-for-js/tree/main/sdk/policy/arm-policy-profile-hybrid-2019-03-01","NA","NA","mgmt","false","","","","true","",""
"@azure/arm-policyinsights","4.1.1","","Resource Management - Policy Insights","Policy Insights","https://github.com/Azure/azure-sdk-for-js/tree/main/sdk/policyinsights/arm-policyinsights","NA","NA","mgmt","false","","","","","",""
"@azure/arm-powerbidedicated","2.1.1","","Resource Management - Power BI Dedicated","Power BI Dedicated","https://github.com/Azure/azure-sdk-for-js/tree/main/sdk/powerbidedicated/arm-powerbidedicated","NA","NA","mgmt","false","","","","","",""
"@azure/arm-powerbiembedded","1.3.1","","Resource Management - Power BI Embedded","Power BI","https://github.com/Azure/azure-sdk-for-js/tree/main/sdk/powerbiembedded/arm-powerbiembedded","https://docs.microsoft.com/javascript/api/overview/azure/powerbi-embedded","NA","mgmt","false","","","","","",""
"@azure/arm-privatedns","2.1.1","","Resource Management - Private DNS","Private DNS","https://github.com/Azure/azure-sdk-for-js/tree/main/sdk/privatedns/arm-privatedns","NA","NA","mgmt","false","","","","","",""
"@azure/arm-recoveryservicesbackup","7.0.1","","Resource Management - Recovery Services Backup","Site Recovery","https://github.com/Azure/azure-sdk-for-js/tree/main/sdk/recoveryservicesbackup/arm-recoveryservicesbackup","https://docs.microsoft.com/javascript/api/overview/azure/backup","NA","mgmt","false","","","","","",""
"@azure/arm-recoveryservices-siterecovery","3.3.1","","Resource Management - Recovery Services Site Recovery","Site Recovery","https://github.com/Azure/azure-sdk-for-js/tree/main/sdk/recoveryservicessiterecovery/arm-recoveryservices-siterecovery","NA","NA","mgmt","false","","","","","",""
"@azure/arm-relay","2.2.1","","Resource Management - Relay","Relay","https://github.com/Azure/azure-sdk-for-js/tree/main/sdk/relay/arm-relay","https://docs.microsoft.com/javascript/api/overview/azure/relay","NA","mgmt","false","","","","","",""
"@azure/arm-reservations","6.1.1","","Resource Management - Reservations","Reservations","https://github.com/Azure/azure-sdk-for-js/tree/main/sdk/reservations/arm-reservations","NA","NA","mgmt","false","","","","","",""
"@azure/arm-resourcegraph","4.2.1","","Resource Management - Resource Graph","Resource Graph","https://github.com/Azure/azure-sdk-for-js/tree/main/sdk/resourcegraph/arm-resourcegraph","NA","NA","mgmt","false","","","","","",""
"@azure/arm-resourcehealth","1.2.1","","Resource Management - Resource Health","Resource Health","https://github.com/Azure/azure-sdk-for-js/tree/main/sdk/resourcehealth/arm-resourcehealth","NA","NA","mgmt","false","","","","","",""
"@azure/arm-resources-profile-hybrid-2019-03-01","1.1.1","","Resource Management - Resources","Resources","https://github.com/Azure/azure-sdk-for-js/tree/main/sdk/resources/arm-resources-profile-hybrid-2019-03-01","NA","NA","mgmt","false","","","","true","",""
"@azure/arm-search","2.0.0","","Resource Management - Search","Search","https://github.com/Azure/azure-sdk-for-js/tree/main/sdk/search/arm-search","https://docs.microsoft.com/javascript/api/overview/azure/search","NA","mgmt","false","","","","","",""
"@azure/arm-serialconsole","1.1.1","","Resource Management - Serial Console","Serial Console","https://github.com/Azure/azure-sdk-for-js/tree/main/sdk/serialconsole/arm-serialconsole","NA","NA","mgmt","false","","","","","",""
"@azure/arm-servicefabricmesh","2.2.1","","Resource Management - Service Fabric Mesh","Service Fabric","https://github.com/Azure/azure-sdk-for-js/tree/main/sdk/servicefabricmesh/arm-servicefabricmesh","NA","NA","mgmt","false","","","","","",""
"@azure/arm-servicemap","2.3.1","","Resource Management - Service Map","Service Map","https://github.com/Azure/azure-sdk-for-js/tree/main/sdk/service-map/arm-servicemap","https://docs.microsoft.com/javascript/api/overview/azure/service-map","NA","mgmt","false","","","","","",""
"@azure/arm-signalr","4.2.0","","Resource Management - SignalR","SignalR","https://github.com/Azure/azure-sdk-for-js/tree/main/sdk/signalr/arm-signalr","NA","NA","mgmt","false","","","","","",""
"@azure/arm-sqlvirtualmachine","4.1.1","","Resource Management - Sql Virtual Machine","SQL Server on Virtual Machines","https://github.com/Azure/azure-sdk-for-js/tree/main/sdk/sqlvirtualmachine/arm-sqlvirtualmachine","NA","NA","mgmt","false","","","","","",""
"@azure/arm-storage-profile-2019-03-01-hybrid","1.1.1","","Resource Management - Storage","Storage","https://github.com/Azure/azure-sdk-for-js/tree/main/sdk/storage/arm-storage-profile-2019-03-01-hybrid","NA","NA","mgmt","false","","","","true","",""
"@azure/arm-storagecache","4.3.0","","Resource Management - Storage Cache","Storage","https://github.com/Azure/azure-sdk-for-js/tree/main/sdk/storagecache/arm-storagecache","NA","NA","mgmt","false","","","","","",""
"@azure/arm-storageimportexport","1.3.1","","Resource Management - Storage Import Export","Storage","https://github.com/Azure/azure-sdk-for-js/tree/main/sdk/storageimportexport/arm-storageimportexport","NA","NA","mgmt","false","","","","","",""
"@azure/arm-storagesync","8.1.1","","Resource Management - Storage Sync","Storage","https://github.com/Azure/azure-sdk-for-js/tree/main/sdk/storagesync/arm-storagesync","NA","NA","mgmt","false","","","","","",""
"@azure/arm-storsimple1200series","1.2.1","","Resource Management - StorSimple1200Series","StorSimple","https://github.com/Azure/azure-sdk-for-js/tree/main/sdk/storsimple1200series/arm-storsimple1200series","NA","NA","mgmt","false","","","","","",""
"@azure/arm-storsimple8000series","1.2.1","","Resource Management - StorSimple8000Series","StorSimple","https://github.com/Azure/azure-sdk-for-js/tree/main/sdk/storsimple8000series/arm-storsimple8000series","NA","NA","mgmt","false","","","","","",""
"@azure/arm-subscriptions","3.1.2","","Resource Management - Subscriptions","Subscriptions","https://github.com/Azure/azure-sdk-for-js/tree/main/sdk/subscription/arm-subscriptions","NA","NA","mgmt","false","","","","","",""
"@azure/arm-subscriptions-profile-hybrid-2019-03-01","1.1.1","","Resource Management - Subscriptions","Subscriptions","https://github.com/Azure/azure-sdk-for-js/tree/main/sdk/subscription/arm-subscriptions-profile-hybrid-2019-03-01","NA","NA","mgmt","false","","","","true","",""
"@azure/arm-support","1.1.1","","Resource Management - Support","Help + support","https://github.com/Azure/azure-sdk-for-js/tree/main/sdk/support/arm-support","NA","NA","mgmt","false","","","","","",""
"@azure/arm-synapse","6.1.0","","Resource Management - Synapse","Synapse Analytics","https://github.com/Azure/azure-sdk-for-js/tree/main/sdk/synapse/arm-synapse","NA","NA","mgmt","false","","","","","",""
"@azure/arm-timeseriesinsights","1.3.1","","Resource Management - Time Series Insights","Time Series Insights","https://github.com/Azure/azure-sdk-for-js/tree/main/sdk/timeseriesinsights/arm-timeseriesinsights","NA","NA","mgmt","false","","","","","",""
"@azure/arm-trafficmanager","5.1.1","","Resource Management - Traffic Manager","Traffic Manager","https://github.com/Azure/azure-sdk-for-js/tree/main/sdk/trafficmanager/arm-trafficmanager","https://docs.microsoft.com/javascript/api/overview/azure/traffic-manager","NA","mgmt","false","","","","","",""
"@azure/arm-visualstudio","3.0.0","","Resource Management - Visual Studio","Visual Studio","https://github.com/Azure/azure-sdk-for-js/tree/main/sdk/visualstudio/arm-visualstudio","NA","NA","mgmt","false","","","","","",""
"@azure/arm-vmwarecloudsimple","1.1.1","","Resource Management - VMware CloudSimple","VMWare by CloudSimple","https://github.com/Azure/azure-sdk-for-js/tree/main/sdk/vmwarecloudsimple/arm-vmwarecloudsimple","NA","NA","mgmt","false","","","","","",""
"@azure/arm-webservices","","0.2.0","Resource Management - Web Services","Machine Learning","https://github.com/Azure/azure-sdk-for-js/tree/main/sdk/machinelearning/arm-webservices","NA","NA","mgmt","false","","","","","",""
"@azure/arm-workspaces","","0.2.0","Resource Management - Work Spaces","Machine Learning","https://github.com/Azure/azure-sdk-for-js/tree/main/sdk/machinelearning/arm-workspaces","NA","NA","mgmt","false","","","","","",""
